date,price,ticker
2024-01-01,99.67019779450055,GM
2024-01-02,99.47354200025156,GM
2024-01-03,98.41522449092585,GM
2024-01-04,97.48212796566301,GM
2024-01-05,96.23148390499131,GM
2024-01-08,97.76525844377632,GM
2024-01-09,99.02467236792252,GM
2024-01-10,98.26913523990675,GM
2024-01-11,97.68777803133281,GM
2024-01-12,100.23995176075363,GM
2024-01-15,102.60845619967915,GM
2024-01-16,103.39641369947957,GM
2024-01-17,105.62182442942822,GM
2024-01-18,108.58969815364566,GM
2024-01-19,108.24113614938837,GM
2024-01-22,111.76351562509042,GM
2024-01-23,109.42294331315277,GM
2024-01-24,106.56320658895366,GM
2024-01-25,105.05975371569998,GM
2024-01-26,104.20254831168295,GM
2024-01-29,104.88429411520984,GM
2024-01-30,106.34969472916684,GM
2024-01-31,106.1969657520493,GM
2024-02-01,103.98551411895107,GM
2024-02-02,105.15242041003076,GM
2024-02-05,103.55917383317812,GM
2024-02-06,104.22297307712739,GM
2024-02-07,105.15547154776024,GM
2024-02-08,107.40603410093188,GM
2024-02-09,106.90329929418084,GM
2024-02-12,108.54070072956074,GM
2024-02-13,111.20296655675902,GM
2024-02-14,110.96482987822704,GM
2024-02-15,111.32133122152189,GM
2024-02-16,109.19768280183587,GM
2024-02-19,110.7905941198241,GM
2024-02-20,110.20529059212033,GM
2024-02-21,112.04887787031426,GM
2024-02-22,113.18059188293694,GM
2024-02-23,113.54229400879152,GM
2024-02-26,114.42256949909557,GM
2024-02-27,112.71329182650618,GM
2024-02-28,112.00376726587811,GM
2024-02-29,113.03178868826997,GM
2024-03-01,114.65116110055949,GM
2024-03-04,111.92226304143023,GM
2024-03-05,111.39288907375385,GM
2024-03-06,111.67782125002081,GM
2024-03-07,109.6794528574319,GM
2024-03-08,108.6083736710999,GM
2024-03-11,111.70332953339826,GM
2024-03-12,110.57719492294149,GM
2024-03-13,109.21248059898402,GM
2024-03-14,109.066647945174,GM
2024-03-15,113.32046339616639,GM
2024-03-18,113.5325781565156,GM
2024-03-19,113.8419620930216,GM
2024-03-20,109.61634752254118,GM
2024-03-21,109.50368067241854,GM
2024-03-22,110.38571692856036,GM
2024-03-25,109.15702419218388,GM
2024-03-26,107.23713651517868,GM
2024-03-27,107.81578295143287,GM
2024-03-28,106.75600676451862,GM
2024-03-29,106.68753176124966,GM
2024-04-01,107.38813704786381,GM
2024-04-02,105.933866068071,GM
2024-04-03,105.244844152978,GM
2024-04-04,106.28263950529082,GM
2024-04-05,107.488393825866,GM
2024-04-08,105.8721736626262,GM
2024-04-09,106.92789392296253,GM
2024-04-10,104.56577397254935,GM
2024-04-11,106.75287251690365,GM
2024-04-12,106.59349902671556,GM
2024-04-15,106.16344928013027,GM
2024-04-16,104.03960951402135,GM
2024-04-17,105.34575739640812,GM
2024-04-18,104.60604873114823,GM
2024-04-19,104.89381822389846,GM
2024-04-22,106.16237785980418,GM
2024-04-23,106.0411674800287,GM
2024-04-24,107.1047472306337,GM
2024-04-25,106.04634740793348,GM
2024-04-26,106.73533153817577,GM
2024-04-29,106.82044119886467,GM
2024-04-30,108.98308046390261,GM
2024-05-01,109.36722763229757,GM
2024-05-02,111.20116367743353,GM
2024-05-03,111.05667624280761,GM
2024-05-06,110.10421636692817,GM
2024-05-07,110.92751700481276,GM
2024-05-08,109.25423416517904,GM
2024-05-09,109.58334407351575,GM
2024-05-10,108.73428253585152,GM
2024-05-13,109.40472099251056,GM
2024-05-14,109.85725423784984,GM
2024-05-15,109.17558281897594,GM
2024-05-16,110.80042168590845,GM
2024-05-17,112.12922670870992,GM
2024-05-20,113.7908170447767,GM
2024-05-21,116.03062053070533,GM
2024-05-22,114.88950004925775,GM
2024-05-23,114.52734848352522,GM
2024-05-24,115.16088476678418,GM
2024-05-27,113.95285829664279,GM
2024-05-28,115.45009178061136,GM
2024-05-29,115.81336725131814,GM
2024-05-30,115.23769195271582,GM
2024-05-31,113.94277424787954,GM
2024-06-03,112.80625752907625,GM
2024-06-04,110.62773058511698,GM
2024-06-05,113.05107705477019,GM
2024-06-06,112.8864432404456,GM
2024-06-07,116.75861993520756,GM
2024-06-10,117.34796500847747,GM
2024-06-11,116.11378824008557,GM
2024-06-12,115.14186913816336,GM
2024-06-13,115.50292192394602,GM
2024-06-14,113.41443599887097,GM
2024-06-17,115.52370659462115,GM
2024-06-18,115.24324966694734,GM
2024-06-19,114.07788658672017,GM
2024-06-20,115.51897665639474,GM
2024-06-21,116.40132376089576,GM
2024-06-24,120.61643112698316,GM
2024-06-25,119.4160444574456,GM
2024-06-26,117.21096922874835,GM
2024-06-27,116.29751688541822,GM
2024-06-28,117.44762810721954,GM
2024-07-01,116.34844411500453,GM
2024-07-02,115.77419026812815,GM
2024-07-03,116.50235992188786,GM
2024-07-04,115.406299763393,GM
2024-07-05,114.35438968038315,GM
2024-07-08,113.11588043207615,GM
2024-07-09,113.70577423350937,GM
2024-07-10,110.95495930929268,GM
2024-07-11,111.4492179239438,GM
2024-07-12,113.58994931431882,GM
2024-07-15,113.25340199026137,GM
2024-07-16,112.54968681033013,GM
2024-07-17,109.73324764771702,GM
2024-07-18,111.31558963378522,GM
2024-07-19,113.28277004522062,GM
2024-07-22,113.55433599164718,GM
2024-07-23,113.4744571863456,GM
2024-07-24,114.01347005703339,GM
2024-07-25,114.55524433926456,GM
2024-07-26,113.37602557507577,GM
2024-07-29,113.42273187041752,GM
2024-07-30,114.19241873505585,GM
2024-07-31,115.43138500494518,GM
2024-08-01,116.19427793071806,GM
2024-08-02,117.73794858493022,GM
2024-08-05,119.68142840481771,GM
2024-08-06,120.54049871606139,GM
2024-08-07,119.87239409148819,GM
2024-08-08,121.21990952660718,GM
2024-08-09,123.15272790418734,GM
2024-08-12,125.49326136600823,GM
2024-08-13,127.0425894317054,GM
2024-08-14,128.18613056095,GM
2024-08-15,129.37646479630484,GM
2024-08-16,127.33406967061688,GM
2024-08-19,127.07162600301334,GM
2024-08-20,130.55937060581326,GM
2024-08-21,129.66271284641135,GM
2024-08-22,133.11025751079836,GM
2024-08-23,134.11557542621432,GM
2024-08-26,133.39253921706145,GM
2024-08-27,134.23475770977535,GM
2024-08-28,137.16261541763757,GM
2024-08-29,138.8892605693793,GM
2024-08-30,139.80073516293677,GM
2024-09-02,138.5720603473583,GM
2024-09-03,137.5021326478396,GM
2024-09-04,136.88108438023457,GM
2024-09-05,138.1209748503636,GM
2024-09-06,138.72529308109551,GM
2024-09-09,135.5810235981544,GM
2024-09-10,137.77089890860304,GM
2024-09-11,137.3730013231699,GM
2024-09-12,138.48057174360156,GM
2024-09-13,139.0258447947481,GM
2024-09-16,136.82907487793304,GM
2024-09-17,136.52525970724764,GM
2024-09-18,135.86347367409167,GM
2024-09-19,136.05128311069922,GM
2024-09-20,137.2390063722716,GM
2024-09-23,137.2993095870409,GM
2024-09-24,138.43357151706638,GM
2024-09-25,138.51470904399963,GM
2024-09-26,136.9640348421103,GM
2024-09-27,136.29914077540792,GM
2024-09-30,135.6196945268571,GM
2024-10-01,134.2769742841454,GM
2024-10-02,133.90815559040027,GM
2024-10-03,133.65270134125743,GM
2024-10-04,135.1239288281689,GM
2024-10-07,138.57331724628966,GM
2024-10-08,139.79394437177905,GM
2024-10-09,136.89539348074592,GM
2024-10-10,136.79624816880258,GM
2024-10-11,135.53751762225895,GM
2024-10-14,134.38228532799715,GM
2024-10-15,136.48596309562905,GM
2024-10-16,136.1672911836407,GM
2024-10-17,135.02784929046726,GM
2024-10-18,137.32407860948481,GM
2024-10-21,138.52987340817307,GM
2024-10-22,137.38294466532366,GM
2024-10-23,140.28306421093566,GM
2024-10-24,142.80274195937685,GM
2024-10-25,141.20431853188535,GM
2024-10-28,140.5869471550548,GM
2024-10-29,141.9367357780302,GM
2024-10-30,138.54080020435134,GM
2024-10-31,137.56277273360888,GM
2024-11-01,138.73464976625007,GM
2024-11-04,140.40174575156044,GM
2024-11-05,142.2989739179333,GM
2024-11-06,145.06260168890088,GM
2024-11-07,143.52724722960707,GM
2024-11-08,145.48515100584564,GM
2024-11-11,145.26550918582151,GM
2024-11-12,144.90883782552595,GM
2024-11-13,146.94922239367637,GM
2024-11-14,146.6712409274247,GM
2024-11-15,145.56947949110184,GM
2024-11-18,144.9539066170112,GM
2024-11-19,147.1299892906069,GM
2024-11-20,145.86670373626578,GM
2024-11-21,146.59371387764384,GM
2024-11-22,147.39098638973215,GM
2024-11-25,148.45064316832293,GM
2024-11-26,147.45454467033892,GM
2024-11-27,146.58019856394097,GM
2024-11-28,146.67011251240092,GM
2024-11-29,149.75392582082063,GM
2024-12-02,149.42358782696675,GM
2024-12-03,150.58590048968225,GM
2024-12-04,151.9533982292374,GM
2024-12-05,152.2856965614815,GM
2024-12-06,153.08116406551198,GM
2024-12-09,154.76241054624202,GM
2024-12-10,151.55461966189827,GM
2024-12-11,151.16279388674755,GM
2024-12-12,149.2753261293774,GM
2024-12-13,148.82958460537358,GM
2024-12-16,149.77969158315523,GM
2024-12-17,149.96629747760835,GM
2024-12-18,151.8266458083307,GM
2024-12-19,152.49815628702606,GM
2024-12-20,153.57048329760337,GM
2024-12-23,151.6743152290293,GM
2024-12-24,152.0840381094881,GM
2024-12-25,154.79155777367757,GM
2024-12-26,158.27472298650417,GM
2024-12-27,156.5207896852071,GM
2024-12-30,155.13156949072828,GM
2024-12-31,153.98779090503137,GM
2025-01-01,152.2877473748525,GM
2025-01-02,153.33786911066306,GM
2025-01-03,151.96043696744425,GM
2025-01-06,151.98254059508523,GM
2025-01-07,152.47654218364738,GM
2025-01-08,152.441564953486,GM
2025-01-09,152.6318275836382,GM
2025-01-10,150.300057877516,GM
2025-01-13,149.2788476805148,GM
2025-01-14,150.2494075721001,GM
2025-01-15,151.76976898278565,GM
2025-01-16,151.29747079137584,GM
2025-01-17,148.53654846701744,GM
2025-01-20,148.58100338268824,GM
2025-01-21,148.88028699011466,GM
2025-01-22,146.42702654957134,GM
2025-01-23,146.42260618701317,GM
2025-01-24,146.5111695728516,GM
2025-01-27,145.25341072391342,GM
2025-01-28,145.46561870777532,GM
2025-01-29,144.15089805957916,GM
2025-01-30,144.59742843871953,GM
2025-01-31,144.65865939455784,GM
2025-02-03,145.64282114731188,GM
2025-02-04,141.95390314259768,GM
2025-02-05,142.4453451453039,GM
2025-02-06,142.37302481469305,GM
2025-02-07,143.67671311555887,GM
2025-02-10,142.51941655873307,GM
2025-02-11,142.0063284021827,GM
2025-02-12,142.6885480069749,GM
2025-02-13,143.86636108711429,GM
2025-02-14,144.962356014646,GM
2025-02-17,145.9972250427985,GM
2025-02-18,144.7052936195016,GM
2025-02-19,143.61108948998168,GM
2025-02-20,142.8953530406716,GM
2025-02-21,142.6179900727721,GM
2025-02-24,141.64257979102416,GM
2025-02-25,143.69069478033055,GM
2025-02-26,141.94072830527116,GM
2025-02-27,140.4284517533708,GM
2025-02-28,138.86946999636925,GM
2025-03-03,139.3262576769589,GM
2025-03-04,140.54892161536827,GM
2025-03-05,139.58195453634517,GM
2025-03-06,140.59145415141083,GM
2025-03-07,141.2648800832479,GM
2025-03-10,140.83732428528378,GM
2025-03-11,140.48056428602334,GM
2025-03-12,139.937168023072,GM
2025-03-13,138.8267000592582,GM
2025-03-14,139.70282028809527,GM
2025-03-17,141.62618303892668,GM
2025-03-18,142.87322494457666,GM
2025-03-19,143.85979598563063,GM
2025-03-20,145.84428601246952,GM
2025-03-21,146.13223047410497,GM
2025-03-24,144.98681623354213,GM
2025-03-25,147.6707166887512,GM
2025-03-26,151.8603204729348,GM
2025-03-27,151.4000413285651,GM
2025-03-28,150.5110196239974,GM
2025-03-31,150.6647750156746,GM
2025-04-01,149.8959204844405,GM
2025-04-02,151.50692759992728,GM
2025-04-03,151.19626136178505,GM
2025-04-04,151.71702509789554,GM
2025-04-07,149.1951171236068,GM
2025-04-08,148.8510727787675,GM
2025-04-09,151.24795203088894,GM
2025-04-10,153.06011133113324,GM
2025-04-11,152.56843120527543,GM
2025-04-14,153.1490714088619,GM
2025-04-15,150.1498387285538,GM
2025-04-16,148.29466623597716,GM
2025-04-17,148.51650096521155,GM
2025-04-18,147.105527547561,GM
2025-04-21,146.74287563800252,GM
2025-04-22,147.09464053955185,GM
2025-04-23,148.86171263112308,GM
2025-04-24,149.69469862128693,GM
2025-04-25,150.77146435464337,GM
2025-04-28,151.8837693585582,GM
2025-04-29,150.76647494075974,GM
2025-04-30,151.077406279806,GM
2025-05-01,149.8459823091444,GM
2024-01-01,99.7050433363427,XOM
2024-01-02,98.41669092050473,XOM
2024-01-03,102.30174489065823,XOM
2024-01-04,102.59712770905767,XOM
2024-01-05,102.84187745134112,XOM
2024-01-08,102.3081407876134,XOM
2024-01-09,103.15058584988583,XOM
2024-01-10,105.35997072831951,XOM
2024-01-11,105.13086639191613,XOM
2024-01-12,105.81371722420442,XOM
2024-01-15,105.01750680870907,XOM
2024-01-16,107.03312396410543,XOM
2024-01-17,106.72505931052763,XOM
2024-01-18,105.31738683143912,XOM
2024-01-19,104.78176993695112,XOM
2024-01-22,104.81980828045262,XOM
2024-01-23,103.47417977209946,XOM
2024-01-24,106.46948990219956,XOM
2024-01-25,104.11573325131837,XOM
2024-01-26,106.41420937617038,XOM
2024-01-29,104.42563404630964,XOM
2024-01-30,104.39222438415544,XOM
2024-01-31,106.80487255658281,XOM
2024-02-01,104.27692666189031,XOM
2024-02-02,102.454372834243,XOM
2024-02-05,104.78344887279556,XOM
2024-02-06,105.14817985300897,XOM
2024-02-07,101.99709525671307,XOM
2024-02-08,102.08094640246256,XOM
2024-02-09,102.14026246193839,XOM
2024-02-12,102.45614564891534,XOM
2024-02-13,105.69028194544892,XOM
2024-02-14,107.061668959259,XOM
2024-02-15,107.89803310323019,XOM
2024-02-16,108.10457199742868,XOM
2024-02-19,107.61520509063367,XOM
2024-02-20,110.53218211790595,XOM
2024-02-21,112.0357723049833,XOM
2024-02-22,111.47772968184482,XOM
2024-02-23,108.10339927182785,XOM
2024-02-26,110.97698774552106,XOM
2024-02-27,111.04990721960438,XOM
2024-02-28,112.07898302638338,XOM
2024-02-29,112.62769085544505,XOM
2024-03-01,113.99374258940774,XOM
2024-03-04,115.60578993134914,XOM
2024-03-05,114.45840064053033,XOM
2024-03-06,115.6105261909222,XOM
2024-03-07,115.78664611309425,XOM
2024-03-08,116.53346304860733,XOM
2024-03-11,115.70203485804083,XOM
2024-03-12,117.53202010998477,XOM
2024-03-13,119.14415220175327,XOM
2024-03-14,119.13199123920099,XOM
2024-03-15,119.4338582332789,XOM
2024-03-18,119.31793582135214,XOM
2024-03-19,119.09266480883045,XOM
2024-03-20,119.5170483729832,XOM
2024-03-21,123.10645115116334,XOM
2024-03-22,124.96707609093313,XOM
2024-03-25,126.98114543488671,XOM
2024-03-26,125.71994606915423,XOM
2024-03-27,128.2357658366263,XOM
2024-03-28,128.57098946481773,XOM
2024-03-29,129.706435930792,XOM
2024-04-01,129.6938049477872,XOM
2024-04-02,130.4566632905915,XOM
2024-04-03,131.7499211734877,XOM
2024-04-04,131.94808423217458,XOM
2024-04-05,132.02018768670075,XOM
2024-04-08,133.19508581482074,XOM
2024-04-09,134.9929910556692,XOM
2024-04-10,134.62599226239558,XOM
2024-04-11,137.12991792509163,XOM
2024-04-12,137.46444892513304,XOM
2024-04-15,134.99486826853814,XOM
2024-04-16,135.83476851995502,XOM
2024-04-17,136.13584968924243,XOM
2024-04-18,136.09958440939755,XOM
2024-04-19,138.81947086591157,XOM
2024-04-22,139.59020200007677,XOM
2024-04-23,141.1824893899997,XOM
2024-04-24,138.71670570867258,XOM
2024-04-25,138.46482873027668,XOM
2024-04-26,136.08718373045963,XOM
2024-04-29,137.2926968641602,XOM
2024-04-30,136.83033823047822,XOM
2024-05-01,137.2453975138759,XOM
2024-05-02,134.3465381005152,XOM
2024-05-03,133.96627865175992,XOM
2024-05-06,134.56760286717522,XOM
2024-05-07,135.0555166567836,XOM
2024-05-08,135.19530417511223,XOM
2024-05-09,133.62972499692646,XOM
2024-05-10,131.98737923170387,XOM
2024-05-13,132.92767946011287,XOM
2024-05-14,133.0597430982143,XOM
2024-05-15,133.77058599048073,XOM
2024-05-16,134.41968313697453,XOM
2024-05-17,136.65648968569795,XOM
2024-05-20,136.27439931901938,XOM
2024-05-21,139.68163628176796,XOM
2024-05-22,138.90498215633934,XOM
2024-05-23,139.72242820395707,XOM
2024-05-24,141.32370304548311,XOM
2024-05-27,139.97560415531825,XOM
2024-05-28,136.82487518056098,XOM
2024-05-29,136.22813803533705,XOM
2024-05-30,139.28618804644617,XOM
2024-05-31,138.6655547087061,XOM
2024-06-03,141.24150817512333,XOM
2024-06-04,142.23225999438654,XOM
2024-06-05,142.68520784530324,XOM
2024-06-06,145.35967176046822,XOM
2024-06-07,143.91596916386578,XOM
2024-06-10,143.11239457263568,XOM
2024-06-11,143.09894913267266,XOM
2024-06-12,142.7165888591711,XOM
2024-06-13,143.5555988419984,XOM
2024-06-14,143.98840223963865,XOM
2024-06-17,142.41533331664388,XOM
2024-06-18,140.26837782259503,XOM
2024-06-19,141.47820498362114,XOM
2024-06-20,141.25124100280533,XOM
2024-06-21,142.25280412074028,XOM
2024-06-24,145.1315306128182,XOM
2024-06-25,144.485466333727,XOM
2024-06-26,147.2566808964385,XOM
2024-06-27,148.8719392794815,XOM
2024-06-28,148.60411033360398,XOM
2024-07-01,150.8357360102598,XOM
2024-07-02,147.6340321899023,XOM
2024-07-03,146.6136603425646,XOM
2024-07-04,146.47131733515482,XOM
2024-07-05,147.08841032222404,XOM
2024-07-08,145.37870892875034,XOM
2024-07-09,149.61290382481388,XOM
2024-07-10,149.38132696761363,XOM
2024-07-11,150.89538320720197,XOM
2024-07-12,150.3773058975823,XOM
2024-07-15,150.49871018369748,XOM
2024-07-16,153.28603477745466,XOM
2024-07-17,156.2829032596549,XOM
2024-07-18,153.65704601412227,XOM
2024-07-19,153.73166511685085,XOM
2024-07-22,151.8455406676529,XOM
2024-07-23,153.3482828640905,XOM
2024-07-24,153.60466272340335,XOM
2024-07-25,154.81078072021947,XOM
2024-07-26,154.71881222723462,XOM
2024-07-29,154.88867295557952,XOM
2024-07-30,155.01755340780812,XOM
2024-07-31,155.71833834662846,XOM
2024-08-01,157.56010958290304,XOM
2024-08-02,155.45915427881437,XOM
2024-08-05,154.12626053703036,XOM
2024-08-06,152.97047746126782,XOM
2024-08-07,151.41365828732089,XOM
2024-08-08,150.66370227894492,XOM
2024-08-09,152.15865053007516,XOM
2024-08-12,156.02273736175545,XOM
2024-08-13,155.54381844652875,XOM
2024-08-14,154.92931230298598,XOM
2024-08-15,154.9840637525489,XOM
2024-08-16,154.1769669969871,XOM
2024-08-19,153.85893749569615,XOM
2024-08-20,154.23172916635482,XOM
2024-08-21,154.82078896264,XOM
2024-08-22,155.09699323515503,XOM
2024-08-23,157.05607070473894,XOM
2024-08-26,157.7045020777848,XOM
2024-08-27,157.18250536108798,XOM
2024-08-28,157.58645674740706,XOM
2024-08-29,156.1334045555077,XOM
2024-08-30,154.41722520441277,XOM
2024-09-02,154.7604766036175,XOM
2024-09-03,152.28031995537623,XOM
2024-09-04,152.21009876935415,XOM
2024-09-05,148.65119544097013,XOM
2024-09-06,149.77429834970025,XOM
2024-09-09,149.1412811620139,XOM
2024-09-10,149.2819976032019,XOM
2024-09-11,151.98239392004996,XOM
2024-09-12,151.48790957017144,XOM
2024-09-13,153.64742996877305,XOM
2024-09-16,153.38053860677857,XOM
2024-09-17,153.71678353690186,XOM
2024-09-18,154.4011823777225,XOM
2024-09-19,152.85448612195933,XOM
2024-09-20,150.91270971721,XOM
2024-09-23,152.11934062334632,XOM
2024-09-24,153.68210166524642,XOM
2024-09-25,151.20027564311448,XOM
2024-09-26,148.4128300693719,XOM
2024-09-27,152.102553120992,XOM
2024-09-30,153.97363600884867,XOM
2024-10-01,154.9630313169444,XOM
2024-10-02,155.32684697917517,XOM
2024-10-03,152.25665282150845,XOM
2024-10-04,151.20575210458236,XOM
2024-10-07,151.4624302093108,XOM
2024-10-08,150.4306456753292,XOM
2024-10-09,150.20405367135348,XOM
2024-10-10,151.29897273948905,XOM
2024-10-11,149.67500093324418,XOM
2024-10-14,149.28522401777138,XOM
2024-10-15,148.64515116229643,XOM
2024-10-16,147.15632973101768,XOM
2024-10-17,147.3366001174574,XOM
2024-10-18,146.65863603547166,XOM
2024-10-21,145.0669728614789,XOM
2024-10-22,143.29538004073697,XOM
2024-10-23,144.02826274464837,XOM
2024-10-24,145.7018998155473,XOM
2024-10-25,144.63423034872787,XOM
2024-10-28,146.2153750531565,XOM
2024-10-29,147.0560972680438,XOM
2024-10-30,145.75518923267506,XOM
2024-10-31,143.87709636570472,XOM
2024-11-01,144.38962833190254,XOM
2024-11-04,147.41151812200877,XOM
2024-11-05,147.18151133553195,XOM
2024-11-06,145.819513228974,XOM
2024-11-07,148.17890553890723,XOM
2024-11-08,147.92304075086352,XOM
2024-11-11,146.47564791369965,XOM
2024-11-12,145.04049117381217,XOM
2024-11-13,146.25100564520986,XOM
2024-11-14,146.3805741297918,XOM
2024-11-15,146.82488656106378,XOM
2024-11-18,149.16576869949924,XOM
2024-11-19,149.83763503809752,XOM
2024-11-20,148.8437077317049,XOM
2024-11-21,146.48527328913715,XOM
2024-11-22,144.5299684934035,XOM
2024-11-25,146.03793001400987,XOM
2024-11-26,145.59669738098233,XOM
2024-11-27,144.8565821910372,XOM
2024-11-28,144.22510745629344,XOM
2024-11-29,142.41500990886277,XOM
2024-12-02,141.3076651175046,XOM
2024-12-03,141.0320498066648,XOM
2024-12-04,143.92477488671932,XOM
2024-12-05,144.69619356780464,XOM
2024-12-06,145.26257344861358,XOM
2024-12-09,142.67291608751702,XOM
2024-12-10,138.55538629408687,XOM
2024-12-11,138.4087342931699,XOM
2024-12-12,137.52162292158658,XOM
2024-12-13,137.0451807180434,XOM
2024-12-16,135.61409355151784,XOM
2024-12-17,137.85540595789718,XOM
2024-12-18,139.94106606031932,XOM
2024-12-19,139.46477141689346,XOM
2024-12-20,136.54129888812383,XOM
2024-12-23,134.40798216979042,XOM
2024-12-24,135.46671422352773,XOM
2024-12-25,135.29875234937256,XOM
2024-12-26,135.8840294502466,XOM
2024-12-27,134.58701560922813,XOM
2024-12-30,131.99456485696138,XOM
2024-12-31,131.79897327924903,XOM
2025-01-01,132.2441904661365,XOM
2025-01-02,130.59226270352033,XOM
2025-01-03,127.57431496468584,XOM
2025-01-06,128.77808351651615,XOM
2025-01-07,128.77484246643115,XOM
2025-01-08,128.31607689768782,XOM
2025-01-09,128.60936945338196,XOM
2025-01-10,128.7525022145493,XOM
2025-01-13,128.5116215745187,XOM
2025-01-14,127.4066402279621,XOM
2025-01-15,124.54182919632207,XOM
2025-01-16,125.64188521833533,XOM
2025-01-17,126.61705366972478,XOM
2025-01-20,126.71434251455346,XOM
2025-01-21,127.07294510739386,XOM
2025-01-22,127.57831902618038,XOM
2025-01-23,126.91638845001685,XOM
2025-01-24,126.9441651014443,XOM
2025-01-27,126.07364302458666,XOM
2025-01-28,126.6276502333958,XOM
2025-01-29,125.20103352733378,XOM
2025-01-30,124.64355082547483,XOM
2025-01-31,126.30660962092082,XOM
2025-02-03,126.24379571368847,XOM
2025-02-04,126.05254880940532,XOM
2025-02-05,128.92525061143942,XOM
2025-02-06,127.26945856742671,XOM
2025-02-07,127.43475197504821,XOM
2025-02-10,128.08374780205781,XOM
2025-02-11,130.02454645225373,XOM
2025-02-12,130.09586928547068,XOM
2025-02-13,129.04168476837404,XOM
2025-02-14,130.77767751840875,XOM
2025-02-17,130.14713902076377,XOM
2025-02-18,130.445657169683,XOM
2025-02-19,131.4207184242785,XOM
2025-02-20,131.5816663205416,XOM
2025-02-21,132.25190676226367,XOM
2025-02-24,134.1407043948602,XOM
2025-02-25,134.04614885055224,XOM
2025-02-26,133.31666577258147,XOM
2025-02-27,135.4364493651617,XOM
2025-02-28,133.38277380031712,XOM
2025-03-03,134.06812468783232,XOM
2025-03-04,134.78043812404312,XOM
2025-03-05,132.6412847647509,XOM
2025-03-06,134.50441131779084,XOM
2025-03-07,136.69536040381647,XOM
2025-03-10,138.2329591701601,XOM
2025-03-11,137.51538613799963,XOM
2025-03-12,136.83205475659003,XOM
2025-03-13,133.63462395254373,XOM
2025-03-14,132.0800132890556,XOM
2025-03-17,130.02220100238617,XOM
2025-03-18,128.4609187628635,XOM
2025-03-19,130.57113733447397,XOM
2025-03-20,127.58499539599484,XOM
2025-03-21,127.93689627824115,XOM
2025-03-24,125.37845140454506,XOM
2025-03-25,123.12002979991101,XOM
2025-03-26,123.54042944720197,XOM
2025-03-27,123.00732048276177,XOM
2025-03-28,123.02247482939889,XOM
2025-03-31,124.67393489920372,XOM
2025-04-01,124.15250702534334,XOM
2025-04-02,123.28225810204073,XOM
2025-04-03,126.5026938710832,XOM
2025-04-04,127.74420183876586,XOM
2025-04-07,127.38221709603289,XOM
2025-04-08,128.83259011112654,XOM
2025-04-09,129.50150144656203,XOM
2025-04-10,132.1361781394131,XOM
2025-04-11,131.60660802370919,XOM
2025-04-14,130.5716055415357,XOM
2025-04-15,133.59186297905825,XOM
2025-04-16,130.0723011816983,XOM
2025-04-17,128.30512595745816,XOM
2025-04-18,131.96279766804463,XOM
2025-04-21,133.95680777494835,XOM
2025-04-22,132.39732509518123,XOM
2025-04-23,132.20949777876504,XOM
2025-04-24,132.78194870760353,XOM
2025-04-25,131.76117007443037,XOM
2025-04-28,130.9223769554744,XOM
2025-04-29,130.36056726600972,XOM
2025-04-30,129.1740979677849,XOM
2025-05-01,129.21269672530303,XOM
2024-01-01,101.0443232043014,CVX
2024-01-02,100.77642817515719,CVX
2024-01-03,102.25972426140562,CVX
2024-01-04,104.20833954037131,CVX
2024-01-05,101.85252792780452,CVX
2024-01-08,100.44566786051614,CVX
2024-01-09,101.10215449726613,CVX
2024-01-10,98.99126082879421,CVX
2024-01-11,99.16181368907112,CVX
2024-01-12,99.4082216680334,CVX
2024-01-15,98.9917745119915,CVX
2024-01-16,95.3900926170129,CVX
2024-01-17,98.00201409083245,CVX
2024-01-18,99.67515092169442,CVX
2024-01-19,99.72647569016624,CVX
2024-01-22,98.75669239797493,CVX
2024-01-23,99.69885794747242,CVX
2024-01-24,98.53660739392785,CVX
2024-01-25,98.46867494541851,CVX
2024-01-26,99.85513473708485,CVX
2024-01-29,98.63570452996292,CVX
2024-01-30,97.24397516783596,CVX
2024-01-31,96.52368405248879,CVX
2024-02-01,96.15454808615445,CVX
2024-02-02,93.55419146722869,CVX
2024-02-05,94.07496809368742,CVX
2024-02-06,92.20794231221129,CVX
2024-02-07,91.0235859000999,CVX
2024-02-08,93.32366565122982,CVX
2024-02-09,94.15869803761187,CVX
2024-02-12,90.90482268705311,CVX
2024-02-13,90.67993297361659,CVX
2024-02-14,91.89444329858257,CVX
2024-02-15,89.2981933601689,CVX
2024-02-16,87.39519703661858,CVX
2024-02-19,86.33961199013997,CVX
2024-02-20,87.73516873606924,CVX
2024-02-21,88.562614081172,CVX
2024-02-22,89.3005720448118,CVX
2024-02-23,90.33987138322526,CVX
2024-02-26,90.13867589488572,CVX
2024-02-27,89.1617234275351,CVX
2024-02-28,90.99472022950073,CVX
2024-02-29,91.5140749058261,CVX
2024-03-01,91.55998093299802,CVX
2024-03-04,91.75402310508022,CVX
2024-03-05,91.07328975329152,CVX
2024-03-06,93.92564268832574,CVX
2024-03-07,91.43231353553661,CVX
2024-03-08,91.92227399891757,CVX
2024-03-11,91.90475417772731,CVX
2024-03-12,89.95233893108743,CVX
2024-03-13,91.74482919454375,CVX
2024-03-14,91.34453057685076,CVX
2024-03-15,91.26230552181752,CVX
2024-03-18,89.76160398235001,CVX
2024-03-19,84.81500813216144,CVX
2024-03-20,84.42921251248077,CVX
2024-03-21,87.24968346679853,CVX
2024-03-22,86.378190247902,CVX
2024-03-25,87.6781015173371,CVX
2024-03-26,86.0444851420277,CVX
2024-03-27,85.33979476629872,CVX
2024-03-28,87.46707161026224,CVX
2024-03-29,86.67593693088025,CVX
2024-04-01,87.62102110369761,CVX
2024-04-02,86.80088650169347,CVX
2024-04-03,84.6728387632397,CVX
2024-04-04,81.52752360018619,CVX
2024-04-05,81.32110616672728,CVX
2024-04-08,80.83774784437604,CVX
2024-04-09,80.58301428224144,CVX
2024-04-10,78.57452143194831,CVX
2024-04-11,76.15656085778994,CVX
2024-04-12,76.23325404171914,CVX
2024-04-15,76.00032528463953,CVX
2024-04-16,77.85198851110121,CVX
2024-04-17,78.74875259580372,CVX
2024-04-18,78.91935956932807,CVX
2024-04-19,78.8409919082141,CVX
2024-04-22,78.23874344789303,CVX
2024-04-23,79.82959332551192,CVX
2024-04-24,80.13393056145406,CVX
2024-04-25,82.57638846696325,CVX
2024-04-26,80.62788394080518,CVX
2024-04-29,80.33658292849216,CVX
2024-04-30,81.86998479349462,CVX
2024-05-01,82.85555592137369,CVX
2024-05-02,80.95021792465646,CVX
2024-05-03,81.62219355329825,CVX
2024-05-06,82.97194045386922,CVX
2024-05-07,82.46542762399437,CVX
2024-05-08,82.05688607531303,CVX
2024-05-09,82.71303383340022,CVX
2024-05-10,83.01845850999632,CVX
2024-05-13,82.85674548403259,CVX
2024-05-14,84.58876805510081,CVX
2024-05-15,85.90334969944477,CVX
2024-05-16,85.59818557308853,CVX
2024-05-17,86.30159099467598,CVX
2024-05-20,86.45806209031612,CVX
2024-05-21,88.05692428021199,CVX
2024-05-22,89.31710380947749,CVX
2024-05-23,89.56460649639126,CVX
2024-05-24,91.48909315497835,CVX
2024-05-27,89.10097720276048,CVX
2024-05-28,88.56909565078666,CVX
2024-05-29,86.56010759232088,CVX
2024-05-30,86.63045298836064,CVX
2024-05-31,87.37365188597883,CVX
2024-06-03,86.88260261998354,CVX
2024-06-04,87.51224587654312,CVX
2024-06-05,89.07416298993937,CVX
2024-06-06,88.04419116151387,CVX
2024-06-07,86.79090135274186,CVX
2024-06-10,84.03548300642319,CVX
2024-06-11,86.6218314498162,CVX
2024-06-12,86.4456321243218,CVX
2024-06-13,89.55005626161021,CVX
2024-06-14,90.23012175991046,CVX
2024-06-17,89.51901538540662,CVX
2024-06-18,88.34656902370492,CVX
2024-06-19,87.13713141834286,CVX
2024-06-20,87.76868931558214,CVX
2024-06-21,86.18288801676314,CVX
2024-06-24,86.34154402757558,CVX
2024-06-25,83.27385283697285,CVX
2024-06-26,81.80680196746074,CVX
2024-06-27,83.62861751050842,CVX
2024-06-28,81.4903603026139,CVX
2024-07-01,79.68174678789241,CVX
2024-07-02,79.84068567331919,CVX
2024-07-03,76.24975274880718,CVX
2024-07-04,74.98329200802046,CVX
2024-07-05,73.03440097545005,CVX
2024-07-08,69.31144286713561,CVX
2024-07-09,68.37816530874066,CVX
2024-07-10,67.9403438147056,CVX
2024-07-11,69.81118294323775,CVX
2024-07-12,68.84781549666296,CVX
2024-07-15,67.1786255716795,CVX
2024-07-16,67.53641766525243,CVX
2024-07-17,67.53988962924578,CVX
2024-07-18,68.88789698139375,CVX
2024-07-19,70.678500588526,CVX
2024-07-22,73.96974552764928,CVX
2024-07-23,75.34578210920365,CVX
2024-07-24,74.33977245577991,CVX
2024-07-25,75.05911552363774,CVX
2024-07-26,77.62766975831764,CVX
2024-07-29,76.941997067026,CVX
2024-07-30,76.36336568797623,CVX
2024-07-31,76.67920697612705,CVX
2024-08-01,75.55847649849494,CVX
2024-08-02,75.21551136778847,CVX
2024-08-05,76.84655314137743,CVX
2024-08-06,77.37769606890008,CVX
2024-08-07,75.90755746798686,CVX
2024-08-08,76.38520319705654,CVX
2024-08-09,76.66241584250722,CVX
2024-08-12,77.12842035856119,CVX
2024-08-13,78.04260714958068,CVX
2024-08-14,79.89929302495861,CVX
2024-08-15,82.09360552678314,CVX
2024-08-16,81.42495088142425,CVX
2024-08-19,80.32712024928894,CVX
2024-08-20,81.17187140945241,CVX
2024-08-21,81.43743517706595,CVX
2024-08-22,82.94271125082228,CVX
2024-08-23,81.75644434083512,CVX
2024-08-26,79.87820106299422,CVX
2024-08-27,80.4862176413922,CVX
2024-08-28,83.0055932622789,CVX
2024-08-29,83.53803474173564,CVX
2024-08-30,82.8341139816895,CVX
2024-09-02,84.14958505141735,CVX
2024-09-03,85.79401202668407,CVX
2024-09-04,88.78804565283865,CVX
2024-09-05,91.06428555451004,CVX
2024-09-06,93.45159102235064,CVX
2024-09-09,90.42489490640347,CVX
2024-09-10,90.84876498949653,CVX
2024-09-11,92.2601125606941,CVX
2024-09-12,93.04176506381134,CVX
2024-09-13,92.97455427800361,CVX
2024-09-16,91.30883864495156,CVX
2024-09-17,90.70926633422266,CVX
2024-09-18,88.53275783907637,CVX
2024-09-19,88.46086052842423,CVX
2024-09-20,90.99355243869192,CVX
2024-09-23,91.48472954650016,CVX
2024-09-24,93.42174438322498,CVX
2024-09-25,93.72349490721271,CVX
2024-09-26,93.65476490484484,CVX
2024-09-27,92.36250890938967,CVX
2024-09-30,93.72205140881331,CVX
2024-10-01,93.46342576624058,CVX
2024-10-02,93.80383757607888,CVX
2024-10-03,94.64659831104126,CVX
2024-10-04,93.4363678679843,CVX
2024-10-07,92.69910744730053,CVX
2024-10-08,93.9311579215926,CVX
2024-10-09,96.963712136585,CVX
2024-10-10,98.27029278611961,CVX
2024-10-11,96.8202624175567,CVX
2024-10-14,98.30539296780832,CVX
2024-10-15,98.40702278575174,CVX
2024-10-16,99.59019949724176,CVX
2024-10-17,98.96231521998342,CVX
2024-10-18,99.3676955927052,CVX
2024-10-21,98.96765592455642,CVX
2024-10-22,97.56228508173183,CVX
2024-10-23,98.66130820120921,CVX
2024-10-24,99.45472483031399,CVX
2024-10-25,100.64772882649774,CVX
2024-10-28,100.51218786663675,CVX
2024-10-29,102.67163243359394,CVX
2024-10-30,101.59890069486495,CVX
2024-10-31,101.49163375088536,CVX
2024-11-01,100.81818086103407,CVX
2024-11-04,102.25150226087368,CVX
2024-11-05,100.77938916352576,CVX
2024-11-06,97.72963472469553,CVX
2024-11-07,98.31356580828485,CVX
2024-11-08,97.41248247773831,CVX
2024-11-11,93.16162616244704,CVX
2024-11-12,91.7686350745886,CVX
2024-11-13,91.07664002679985,CVX
2024-11-14,90.44561128762365,CVX
2024-11-15,90.45492558001817,CVX
2024-11-18,92.97353698286398,CVX
2024-11-19,90.65022666625163,CVX
2024-11-20,90.35758917208749,CVX
2024-11-21,86.20633612932372,CVX
2024-11-22,84.77239087410922,CVX
2024-11-25,84.00846760918402,CVX
2024-11-26,81.80052969692777,CVX
2024-11-27,82.51221219753839,CVX
2024-11-28,83.91709757315576,CVX
2024-11-29,84.23337283925225,CVX
2024-12-02,85.25941628609655,CVX
2024-12-03,86.6049852119526,CVX
2024-12-04,87.44215970360992,CVX
2024-12-05,87.38595380112376,CVX
2024-12-06,88.33361985842348,CVX
2024-12-09,91.39647145024601,CVX
2024-12-10,90.4530128721029,CVX
2024-12-11,91.52720423857555,CVX
2024-12-12,90.23185052899231,CVX
2024-12-13,90.17984397448629,CVX
2024-12-16,89.07059703514406,CVX
2024-12-17,87.16784448509226,CVX
2024-12-18,87.49648111905478,CVX
2024-12-19,87.66167387168407,CVX
2024-12-20,86.34820965116413,CVX
2024-12-23,86.77524048624491,CVX
2024-12-24,88.236594640126,CVX
2024-12-25,88.54604926713829,CVX
2024-12-26,86.82267330694846,CVX
2024-12-27,85.5118218262352,CVX
2024-12-30,84.83365264356647,CVX
2024-12-31,84.46687056804184,CVX
2025-01-01,85.02934805768719,CVX
2025-01-02,84.51382461595706,CVX
2025-01-03,82.31414265548108,CVX
2025-01-06,83.32913835298623,CVX
2025-01-07,86.34285240879359,CVX
2025-01-08,86.6814656508884,CVX
2025-01-09,84.81574033733705,CVX
2025-01-10,82.65362635573211,CVX
2025-01-13,85.70817370670197,CVX
2025-01-14,86.60933096070447,CVX
2025-01-15,87.1703193219869,CVX
2025-01-16,86.82135992051322,CVX
2025-01-17,88.06045711618454,CVX
2025-01-20,88.5847102152375,CVX
2025-01-21,89.88932715406519,CVX
2025-01-22,89.0707794562438,CVX
2025-01-23,86.72131955032991,CVX
2025-01-24,84.56063823364195,CVX
2025-01-27,84.75718440062619,CVX
2025-01-28,87.4466843855726,CVX
2025-01-29,87.39698181804891,CVX
2025-01-30,87.26895460785613,CVX
2025-01-31,89.39231701667228,CVX
2025-02-03,90.6603877561873,CVX
2025-02-04,91.51673802160127,CVX
2025-02-05,92.42067388782769,CVX
2025-02-06,92.5708038961945,CVX
2025-02-07,92.88446245557068,CVX
2025-02-10,90.36621024300919,CVX
2025-02-11,91.6900042367478,CVX
2025-02-12,93.61264764386267,CVX
2025-02-13,95.53320399394443,CVX
2025-02-14,94.67002104267881,CVX
2025-02-17,94.99417200086117,CVX
2025-02-18,95.34706164219612,CVX
2025-02-19,96.80104167063597,CVX
2025-02-20,96.89986938256052,CVX
2025-02-21,99.67380715339243,CVX
2025-02-24,96.58324388198135,CVX
2025-02-25,98.29791183187926,CVX
2025-02-26,96.92071810253877,CVX
2025-02-27,97.8576850442893,CVX
2025-02-28,97.98706592154288,CVX
2025-03-03,97.82647150421884,CVX
2025-03-04,98.76413332957445,CVX
2025-03-05,100.88528234387229,CVX
2025-03-06,98.37447594361343,CVX
2025-03-07,97.03689601305449,CVX
2025-03-10,97.78812903758512,CVX
2025-03-11,101.41719550933239,CVX
2025-03-12,100.30396661083397,CVX
2025-03-13,100.38886056872352,CVX
2025-03-14,101.35542662502601,CVX
2025-03-17,101.59486494672717,CVX
2025-03-18,100.95554915367863,CVX
2025-03-19,100.5916999225904,CVX
2025-03-20,97.68112555742192,CVX
2025-03-21,93.82151596803548,CVX
2025-03-24,92.14928827600062,CVX
2025-03-25,90.68749187561633,CVX
2025-03-26,90.9987078024753,CVX
2025-03-27,89.0531333523353,CVX
2025-03-28,90.01003673961208,CVX
2025-03-31,90.64460426725137,CVX
2025-04-01,92.62519322450821,CVX
2025-04-02,91.92048902869085,CVX
2025-04-03,90.93139799499049,CVX
2025-04-04,91.47669649919723,CVX
2025-04-07,90.1486124689167,CVX
2025-04-08,92.58847475022436,CVX
2025-04-09,92.35065123094745,CVX
2025-04-10,91.40839839203063,CVX
2025-04-11,90.3338625802839,CVX
2025-04-14,90.81314780043489,CVX
2025-04-15,90.78572745614751,CVX
2025-04-16,89.59099923590752,CVX
2025-04-17,89.85283437472133,CVX
2025-04-18,87.44259279240153,CVX
2025-04-21,84.6703314187024,CVX
2025-04-22,82.62209856935816,CVX
2025-04-23,81.69977065493573,CVX
2025-04-24,80.3201143426216,CVX
2025-04-25,79.75924385070377,CVX
2025-04-28,79.19101899426093,CVX
2025-04-29,79.56233344127565,CVX
2025-04-30,77.43095824494202,CVX
2025-05-01,79.61664454154798,CVX
2024-01-01,100.95013737608475,PFE
2024-01-02,99.24884993406503,PFE
2024-01-03,99.18948880068555,PFE
2024-01-04,96.95098627311457,PFE
2024-01-05,98.22041592753733,PFE
2024-01-08,96.54532514265313,PFE
2024-01-09,97.19103638020536,PFE
2024-01-10,97.02463316727749,PFE
2024-01-11,98.14694135827504,PFE
2024-01-12,99.07765009202195,PFE
2024-01-15,97.39940112776138,PFE
2024-01-16,96.10422147571519,PFE
2024-01-17,96.29722721043375,PFE
2024-01-18,97.62197963799208,PFE
2024-01-19,97.50462805149617,PFE
2024-01-22,98.06212987572772,PFE
2024-01-23,100.9747691893809,PFE
2024-01-24,99.95269047588057,PFE
2024-01-25,101.09663555681139,PFE
2024-01-26,99.27448737217023,PFE
2024-01-29,98.93242708754693,PFE
2024-01-30,99.11399418973126,PFE
2024-01-31,98.69085075335616,PFE
2024-02-01,98.5373909023502,PFE
2024-02-02,98.99413215220564,PFE
2024-02-05,98.78015246517316,PFE
2024-02-06,101.8013360116772,PFE
2024-02-07,99.09986268342408,PFE
2024-02-08,97.56964098884006,PFE
2024-02-09,97.30780066198814,PFE
2024-02-12,96.66483187844688,PFE
2024-02-13,94.08372578361676,PFE
2024-02-14,94.38384512286817,PFE
2024-02-15,95.44200258202345,PFE
2024-02-16,95.00111516309607,PFE
2024-02-19,94.42104760482526,PFE
2024-02-20,96.38868652699466,PFE
2024-02-21,98.03136370782974,PFE
2024-02-22,97.33165000399387,PFE
2024-02-23,97.48260004559883,PFE
2024-02-26,96.17685116094562,PFE
2024-02-27,97.59905240624077,PFE
2024-02-28,98.19043895693505,PFE
2024-02-29,98.22813974455845,PFE
2024-03-01,97.78218919477187,PFE
2024-03-04,98.02152075213593,PFE
2024-03-05,97.56880040746105,PFE
2024-03-06,98.93934745839482,PFE
2024-03-07,101.28458043253745,PFE
2024-03-08,101.73981224130335,PFE
2024-03-11,101.09580972351876,PFE
2024-03-12,99.31466965463028,PFE
2024-03-13,100.091417556833,PFE
2024-03-14,103.05268165881687,PFE
2024-03-15,104.40650002022318,PFE
2024-03-18,102.04971586104553,PFE
2024-03-19,103.94547049551014,PFE
2024-03-20,103.3098897182382,PFE
2024-03-21,103.89012292780876,PFE
2024-03-22,104.77870544338344,PFE
2024-03-25,104.31227362370467,PFE
2024-03-26,101.4112836370672,PFE
2024-03-27,102.65817935244634,PFE
2024-03-28,100.82872502370499,PFE
2024-03-29,100.25802935191571,PFE
2024-04-01,101.15558687800294,PFE
2024-04-02,100.85972827002283,PFE
2024-04-03,100.50224227062643,PFE
2024-04-04,100.41457406825695,PFE
2024-04-05,101.1623101889956,PFE
2024-04-08,101.80983581509484,PFE
2024-04-09,100.71004852027018,PFE
2024-04-10,102.83053319851605,PFE
2024-04-11,103.68318493494279,PFE
2024-04-12,104.04891028602053,PFE
2024-04-15,102.44695439891237,PFE
2024-04-16,105.30692824866024,PFE
2024-04-17,105.8722245221975,PFE
2024-04-18,105.16431076822104,PFE
2024-04-19,105.85228951082867,PFE
2024-04-22,104.11755387398792,PFE
2024-04-23,103.3801606882134,PFE
2024-04-24,99.77729512808995,PFE
2024-04-25,99.21723587459313,PFE
2024-04-26,98.49397148199144,PFE
2024-04-29,99.2802271953067,PFE
2024-04-30,99.59632897695171,PFE
2024-05-01,100.23138542283465,PFE
2024-05-02,99.4401576279797,PFE
2024-05-03,99.75657003335763,PFE
2024-05-06,99.96709439586026,PFE
2024-05-07,98.5901953163275,PFE
2024-05-08,97.61624230275375,PFE
2024-05-09,97.62071541444561,PFE
2024-05-10,98.93372416111087,PFE
2024-05-13,100.2912844174577,PFE
2024-05-14,97.52504767733704,PFE
2024-05-15,96.87550242683155,PFE
2024-05-16,97.4221499153544,PFE
2024-05-17,96.21947156943153,PFE
2024-05-20,95.12854145557681,PFE
2024-05-21,95.6075511979474,PFE
2024-05-22,96.6245635770544,PFE
2024-05-23,97.02387104712142,PFE
2024-05-24,96.83672857178945,PFE
2024-05-27,95.50862674116794,PFE
2024-05-28,94.49532725363656,PFE
2024-05-29,93.95963382123212,PFE
2024-05-30,96.11021699647347,PFE
2024-05-31,96.29464725702273,PFE
2024-06-03,97.33603991841113,PFE
2024-06-04,98.74250687353091,PFE
2024-06-05,96.56355277622758,PFE
2024-06-06,95.90431204886258,PFE
2024-06-07,98.678185322218,PFE
2024-06-10,97.67831293859892,PFE
2024-06-11,99.15529888741423,PFE
2024-06-12,100.71830469256109,PFE
2024-06-13,105.49286696705374,PFE
2024-06-14,109.2852515727527,PFE
2024-06-17,108.19704981124413,PFE
2024-06-18,108.76868618574632,PFE
2024-06-19,107.46958174916344,PFE
2024-06-20,107.36412324346404,PFE
2024-06-21,106.31269306380091,PFE
2024-06-24,105.06880656548257,PFE
2024-06-25,105.36654376425874,PFE
2024-06-26,107.70240980168057,PFE
2024-06-27,108.21116967134905,PFE
2024-06-28,108.84143908543632,PFE
2024-07-01,108.06054896334187,PFE
2024-07-02,110.84608588560718,PFE
2024-07-03,109.92371976745478,PFE
2024-07-04,108.89823476993888,PFE
2024-07-05,108.32524263500856,PFE
2024-07-08,107.62796265436305,PFE
2024-07-09,106.48874687867877,PFE
2024-07-10,107.00827955755169,PFE
2024-07-11,108.5444729610096,PFE
2024-07-12,107.67076325067232,PFE
2024-07-15,108.38153361135262,PFE
2024-07-16,110.88674387872875,PFE
2024-07-17,111.43787741776265,PFE
2024-07-18,109.26549625224833,PFE
2024-07-19,108.07907361785337,PFE
2024-07-22,106.6200163658814,PFE
2024-07-23,106.09107839289155,PFE
2024-07-24,104.98719363256848,PFE
2024-07-25,104.07164010036298,PFE
2024-07-26,103.24988312179099,PFE
2024-07-29,102.76610163936856,PFE
2024-07-30,100.92114428942803,PFE
2024-07-31,102.1138039422041,PFE
2024-08-01,100.52433243553767,PFE
2024-08-02,102.17376931680292,PFE
2024-08-05,103.59832588378484,PFE
2024-08-06,101.79231047335658,PFE
2024-08-07,100.4162805661561,PFE
2024-08-08,101.72090326692792,PFE
2024-08-09,100.9395387510296,PFE
2024-08-12,100.33480944587899,PFE
2024-08-13,99.13932525987912,PFE
2024-08-14,97.36037579075983,PFE
2024-08-15,96.68820483063084,PFE
2024-08-16,97.6242481990533,PFE
2024-08-19,95.82092932975299,PFE
2024-08-20,95.65145291770644,PFE
2024-08-21,96.38347863595091,PFE
2024-08-22,97.19880442903995,PFE
2024-08-23,95.79017798612168,PFE
2024-08-26,94.7907250133872,PFE
2024-08-27,93.59384821808074,PFE
2024-08-28,93.01917042213361,PFE
2024-08-29,94.19267517369904,PFE
2024-08-30,94.42030951116158,PFE
2024-09-02,93.52913101418022,PFE
2024-09-03,91.76530890491934,PFE
2024-09-04,91.5939298350994,PFE
2024-09-05,92.90333642589329,PFE
2024-09-06,93.99025042779265,PFE
2024-09-09,94.31468165366964,PFE
2024-09-10,93.77517439089091,PFE
2024-09-11,89.74102057170103,PFE
2024-09-12,89.07698437599758,PFE
2024-09-13,90.383747601063,PFE
2024-09-16,91.21536427059837,PFE
2024-09-17,91.66140617357941,PFE
2024-09-18,92.18782308704411,PFE
2024-09-19,93.64613410439897,PFE
2024-09-20,93.26268339855167,PFE
2024-09-23,94.5001801448355,PFE
2024-09-24,94.80778285938634,PFE
2024-09-25,95.53212519124779,PFE
2024-09-26,96.33278784858841,PFE
2024-09-27,97.69444354938334,PFE
2024-09-30,96.96635620433072,PFE
2024-10-01,96.7259013510847,PFE
2024-10-02,97.35475781743997,PFE
2024-10-03,98.84409231048633,PFE
2024-10-04,99.58376969775155,PFE
2024-10-07,99.44406474724434,PFE
2024-10-08,101.35429991240456,PFE
2024-10-09,100.11677441751445,PFE
2024-10-10,101.72150678940766,PFE
2024-10-11,99.14670864764989,PFE
2024-10-14,99.4613909193139,PFE
2024-10-15,98.34352491909038,PFE
2024-10-16,98.33550965177625,PFE
2024-10-17,97.340783265524,PFE
2024-10-18,97.11387395239032,PFE
2024-10-21,97.9754693164031,PFE
2024-10-22,97.0012081752843,PFE
2024-10-23,99.55228391444854,PFE
2024-10-24,99.2837371139643,PFE
2024-10-25,95.76615416053988,PFE
2024-10-28,93.90599094825124,PFE
2024-10-29,94.53760456808071,PFE
2024-10-30,96.07913559673058,PFE
2024-10-31,96.41612494339037,PFE
2024-11-01,96.34589506597851,PFE
2024-11-04,97.64897620661084,PFE
2024-11-05,99.24512421329072,PFE
2024-11-06,99.59343724425749,PFE
2024-11-07,99.00413923911712,PFE
2024-11-08,97.92787932184908,PFE
2024-11-11,97.38419156989117,PFE
2024-11-12,96.27642056177717,PFE
2024-11-13,97.37008675462502,PFE
2024-11-14,96.15213331520225,PFE
2024-11-15,96.88879196146979,PFE
2024-11-18,96.1816701319804,PFE
2024-11-19,97.6026387839758,PFE
2024-11-20,97.00082094921096,PFE
2024-11-21,100.18367023729215,PFE
2024-11-22,101.62497110593962,PFE
2024-11-25,103.05012153300365,PFE
2024-11-26,103.92162985628887,PFE
2024-11-27,104.75273625524048,PFE
2024-11-28,104.50554729106555,PFE
2024-11-29,102.87564610628269,PFE
2024-12-02,103.55099747567017,PFE
2024-12-03,105.1196851654246,PFE
2024-12-04,103.89724602906503,PFE
2024-12-05,103.99787241270798,PFE
2024-12-06,104.31819723956991,PFE
2024-12-09,103.8657045250098,PFE
2024-12-10,102.57248644421828,PFE
2024-12-11,103.12993531271299,PFE
2024-12-12,102.9107607339319,PFE
2024-12-13,103.08990434827862,PFE
2024-12-16,102.7265708286182,PFE
2024-12-17,101.85232690269561,PFE
2024-12-18,103.75504077165127,PFE
2024-12-19,105.46567402327054,PFE
2024-12-20,106.67133920718413,PFE
2024-12-23,107.43390275907505,PFE
2024-12-24,105.8783075877711,PFE
2024-12-25,106.61613538939969,PFE
2024-12-26,106.71947566542318,PFE
2024-12-27,105.47842358851157,PFE
2024-12-30,104.95971589999324,PFE
2024-12-31,105.4942050529173,PFE
2025-01-01,101.63030286896127,PFE
2025-01-02,100.620592866582,PFE
2025-01-03,100.08275250815547,PFE
2025-01-06,101.8207160253121,PFE
2025-01-07,102.67760714522562,PFE
2025-01-08,102.14143461128253,PFE
2025-01-09,100.94101849819886,PFE
2025-01-10,98.65270124378841,PFE
2025-01-13,97.32679952117599,PFE
2025-01-14,96.5683187502782,PFE
2025-01-15,95.42057517736296,PFE
2025-01-16,96.04404538193896,PFE
2025-01-17,95.90377045040603,PFE
2025-01-20,95.87341227811014,PFE
2025-01-21,93.68481202723504,PFE
2025-01-22,92.40796439314231,PFE
2025-01-23,93.5988607789794,PFE
2025-01-24,94.87358805890756,PFE
2025-01-27,94.0744774368799,PFE
2025-01-28,95.4942486050453,PFE
2025-01-29,95.25172614689518,PFE
2025-01-30,93.88234933902692,PFE
2025-01-31,94.56059204020139,PFE
2025-02-03,91.24743808414145,PFE
2025-02-04,89.34680981006106,PFE
2025-02-05,89.40835121214187,PFE
2025-02-06,91.88768303954625,PFE
2025-02-07,90.86971322838158,PFE
2025-02-10,89.16221610161875,PFE
2025-02-11,89.70903254707308,PFE
2025-02-12,90.65760578414745,PFE
2025-02-13,89.2336771157504,PFE
2025-02-14,90.38803925305274,PFE
2025-02-17,91.65548912406462,PFE
2025-02-18,92.46889411385841,PFE
2025-02-19,94.07035424585834,PFE
2025-02-20,94.52683184747349,PFE
2025-02-21,93.85615986405338,PFE
2025-02-24,93.48770710876256,PFE
2025-02-25,94.48450401499919,PFE
2025-02-26,93.80074648421795,PFE
2025-02-27,98.10342082085107,PFE
2025-02-28,100.65814936538841,PFE
2025-03-03,101.9832482236887,PFE
2025-03-04,103.69020561676074,PFE
2025-03-05,102.93861605107739,PFE
2025-03-06,102.93105645026802,PFE
2025-03-07,101.00492761554874,PFE
2025-03-10,100.5656719171645,PFE
2025-03-11,96.2538410037435,PFE
2025-03-12,98.57370493909355,PFE
2025-03-13,97.13932834458352,PFE
2025-03-14,95.19653021788139,PFE
2025-03-17,96.9261966702516,PFE
2025-03-18,96.59962278665216,PFE
2025-03-19,97.237883050136,PFE
2025-03-20,97.50139933634932,PFE
2025-03-21,97.00431834609466,PFE
2025-03-24,95.89171078885501,PFE
2025-03-25,95.29062943738656,PFE
2025-03-26,96.86137761636991,PFE
2025-03-27,100.06827543030909,PFE
2025-03-28,100.71798534135152,PFE
2025-03-31,102.57649402960011,PFE
2025-04-01,100.23808749101246,PFE
2025-04-02,98.5404522451295,PFE
2025-04-03,99.06190832225677,PFE
2025-04-04,99.77559044805238,PFE
2025-04-07,98.76873788078687,PFE
2025-04-08,98.57360059989878,PFE
2025-04-09,98.94891774419568,PFE
2025-04-10,97.44164200450193,PFE
2025-04-11,97.48283578176333,PFE
2025-04-14,98.44689236193348,PFE
2025-04-15,95.51751729662243,PFE
2025-04-16,96.67835787002548,PFE
2025-04-17,96.95738103817142,PFE
2025-04-18,96.79956894127103,PFE
2025-04-21,96.20552768509474,PFE
2025-04-22,94.55470925360768,PFE
2025-04-23,96.91664265561623,PFE
2025-04-24,97.79754723177487,PFE
2025-04-25,98.20462443593563,PFE
2025-04-28,98.79608815696032,PFE
2025-04-29,100.19097120163741,PFE
2025-04-30,98.72671590128441,PFE
2025-05-01,97.75716421017107,PFE
2024-01-01,98.93275638724417,JNJ
2024-01-02,97.11489836784257,JNJ
2024-01-03,97.39623559806434,JNJ
2024-01-04,98.91196461027904,JNJ
2024-01-05,96.49874426338657,JNJ
2024-01-08,95.17189032864997,JNJ
2024-01-09,94.57922351208462,JNJ
2024-01-10,94.51533640220958,JNJ
2024-01-11,94.18911883968053,JNJ
2024-01-12,94.24648880449801,JNJ
2024-01-15,95.4581530313201,JNJ
2024-01-16,95.32022625537117,JNJ
2024-01-17,93.51842706485627,JNJ
2024-01-18,93.20884644395645,JNJ
2024-01-19,94.93985649568504,JNJ
2024-01-22,97.21439034529517,JNJ
2024-01-23,97.01342214545798,JNJ
2024-01-24,97.83789827847313,JNJ
2024-01-25,96.5465211169852,JNJ
2024-01-26,95.910906169866,JNJ
2024-01-29,96.75965139336866,JNJ
2024-01-30,97.61322473555225,JNJ
2024-01-31,100.11536431553216,JNJ
2024-02-01,100.96166579771854,JNJ
2024-02-02,101.62109250278868,JNJ
2024-02-05,102.09896243382781,JNJ
2024-02-06,103.346250024472,JNJ
2024-02-07,104.93159572413907,JNJ
2024-02-08,102.25202881610151,JNJ
2024-02-09,103.30130705346889,JNJ
2024-02-12,101.8458517553936,JNJ
2024-02-13,103.27532834212826,JNJ
2024-02-14,105.01289950841087,JNJ
2024-02-15,105.13255222011571,JNJ
2024-02-16,105.19168906374567,JNJ
2024-02-19,105.17547203241531,JNJ
2024-02-20,105.22511217753431,JNJ
2024-02-21,101.9719633674669,JNJ
2024-02-22,104.32915112926385,JNJ
2024-02-23,103.32220497619394,JNJ
2024-02-26,101.8311368977201,JNJ
2024-02-27,102.47706403809134,JNJ
2024-02-28,102.99195079218029,JNJ
2024-02-29,103.80451065816054,JNJ
2024-03-01,106.124550013866,JNJ
2024-03-04,105.00320924051265,JNJ
2024-03-05,105.83086258535579,JNJ
2024-03-06,107.81663562529455,JNJ
2024-03-07,106.60000030684954,JNJ
2024-03-08,106.64667178781511,JNJ
2024-03-11,105.4694915554369,JNJ
2024-03-12,106.70529333322784,JNJ
2024-03-13,108.59883666793047,JNJ
2024-03-14,108.09275068621398,JNJ
2024-03-15,106.24058124672675,JNJ
2024-03-18,105.77855624472602,JNJ
2024-03-19,104.88078478178035,JNJ
2024-03-20,108.19653262563982,JNJ
2024-03-21,107.50106191347871,JNJ
2024-03-22,105.7301721903236,JNJ
2024-03-25,105.22907313161532,JNJ
2024-03-26,106.53326689500368,JNJ
2024-03-27,106.3721761579863,JNJ
2024-03-28,104.59146876214051,JNJ
2024-03-29,106.20845504069503,JNJ
2024-04-01,105.35858691879443,JNJ
2024-04-02,104.85172281965774,JNJ
2024-04-03,104.63342383003629,JNJ
2024-04-04,105.64912232620397,JNJ
2024-04-05,108.0583482904935,JNJ
2024-04-08,108.41894479172203,JNJ
2024-04-09,109.16824352129207,JNJ
2024-04-10,107.7662174378085,JNJ
2024-04-11,107.76554566801778,JNJ
2024-04-12,109.96482855014085,JNJ
2024-04-15,110.90506422875336,JNJ
2024-04-16,109.55735235433943,JNJ
2024-04-17,110.76035833709548,JNJ
2024-04-18,111.40062975105076,JNJ
2024-04-19,110.4042221841109,JNJ
2024-04-22,111.59391996902474,JNJ
2024-04-23,114.21790265227439,JNJ
2024-04-24,115.689520663066,JNJ
2024-04-25,114.66515565675253,JNJ
2024-04-26,117.03973431675104,JNJ
2024-04-29,113.24727894735607,JNJ
2024-04-30,110.36065668545127,JNJ
2024-05-01,108.7928834790856,JNJ
2024-05-02,105.71264092240632,JNJ
2024-05-03,106.8005866059865,JNJ
2024-05-06,108.46143130037133,JNJ
2024-05-07,108.32951025621973,JNJ
2024-05-08,106.90301859053113,JNJ
2024-05-09,108.7532342808661,JNJ
2024-05-10,109.666750822489,JNJ
2024-05-13,109.97350149575585,JNJ
2024-05-14,111.69216609664136,JNJ
2024-05-15,112.94700956594687,JNJ
2024-05-16,113.29145532844507,JNJ
2024-05-17,115.06502323894682,JNJ
2024-05-20,116.63977147635964,JNJ
2024-05-21,117.67262310666243,JNJ
2024-05-22,117.30324736090776,JNJ
2024-05-23,117.20128254918087,JNJ
2024-05-24,116.15743479512967,JNJ
2024-05-27,116.5640879594052,JNJ
2024-05-28,117.84737812955855,JNJ
2024-05-29,120.20117399964187,JNJ
2024-05-30,119.88679521687044,JNJ
2024-05-31,119.24572050204367,JNJ
2024-06-03,119.34816830345696,JNJ
2024-06-04,121.03034417096924,JNJ
2024-06-05,118.51554073393822,JNJ
2024-06-06,116.49151011806099,JNJ
2024-06-07,117.53495070418299,JNJ
2024-06-10,116.93391369224824,JNJ
2024-06-11,116.79623503820834,JNJ
2024-06-12,115.70460941563726,JNJ
2024-06-13,113.89358673120475,JNJ
2024-06-14,114.85524729349754,JNJ
2024-06-17,114.21742417279638,JNJ
2024-06-18,114.33039196429587,JNJ
2024-06-19,114.18353926973677,JNJ
2024-06-20,113.41763171418376,JNJ
2024-06-21,113.86504287016149,JNJ
2024-06-24,115.09972603879979,JNJ
2024-06-25,117.82708061692895,JNJ
2024-06-26,114.40782838816136,JNJ
2024-06-27,116.98071172839508,JNJ
2024-06-28,116.19294295515584,JNJ
2024-07-01,114.95837577220232,JNJ
2024-07-02,112.58599839758838,JNJ
2024-07-03,114.30983199485624,JNJ
2024-07-04,115.64154438202816,JNJ
2024-07-05,116.25980514386116,JNJ
2024-07-08,116.75069472753789,JNJ
2024-07-09,117.99683357098218,JNJ
2024-07-10,119.39486100797934,JNJ
2024-07-11,117.53276503634609,JNJ
2024-07-12,115.50992762304871,JNJ
2024-07-15,116.12760419509218,JNJ
2024-07-16,119.55429777241335,JNJ
2024-07-17,119.09571285560381,JNJ
2024-07-18,117.77954146067023,JNJ
2024-07-19,115.09771507378957,JNJ
2024-07-22,117.67580283417975,JNJ
2024-07-23,115.842728972286,JNJ
2024-07-24,115.05556164102084,JNJ
2024-07-25,116.09637328109865,JNJ
2024-07-26,116.03299444856961,JNJ
2024-07-29,116.97301261432395,JNJ
2024-07-30,115.76493337856957,JNJ
2024-07-31,114.76428663183137,JNJ
2024-08-01,117.58331365893864,JNJ
2024-08-02,120.85882330453447,JNJ
2024-08-05,122.65579754212006,JNJ
2024-08-06,122.38930639445904,JNJ
2024-08-07,122.98453229992938,JNJ
2024-08-08,123.60282479087937,JNJ
2024-08-09,123.67690573092922,JNJ
2024-08-12,124.23961198432852,JNJ
2024-08-13,123.7729279101348,JNJ
2024-08-14,124.59056443691078,JNJ
2024-08-15,123.1255877284029,JNJ
2024-08-16,123.11124700804422,JNJ
2024-08-19,123.30836330219681,JNJ
2024-08-20,123.48046594897646,JNJ
2024-08-21,124.1969372077745,JNJ
2024-08-22,123.63265065482592,JNJ
2024-08-23,121.2083896022856,JNJ
2024-08-26,124.87666601555108,JNJ
2024-08-27,123.31706842253014,JNJ
2024-08-28,122.61515345209496,JNJ
2024-08-29,123.55817480029876,JNJ
2024-08-30,123.90404428125645,JNJ
2024-09-02,123.28990965005784,JNJ
2024-09-03,122.93030460963963,JNJ
2024-09-04,124.298634184506,JNJ
2024-09-05,125.66685821476895,JNJ
2024-09-06,126.66271677828867,JNJ
2024-09-09,125.98664300091657,JNJ
2024-09-10,127.85796043822963,JNJ
2024-09-11,127.23693020969728,JNJ
2024-09-12,126.01424182507901,JNJ
2024-09-13,125.87909244643535,JNJ
2024-09-16,127.56382883395294,JNJ
2024-09-17,127.18752584093855,JNJ
2024-09-18,127.20792901104954,JNJ
2024-09-19,126.49506694425065,JNJ
2024-09-20,126.07320729145857,JNJ
2024-09-23,126.4833606470391,JNJ
2024-09-24,127.05851697868474,JNJ
2024-09-25,126.75680616857056,JNJ
2024-09-26,124.42960901382422,JNJ
2024-09-27,124.80745862147216,JNJ
2024-09-30,124.37274861115301,JNJ
2024-10-01,123.13915788051924,JNJ
2024-10-02,120.41970378851194,JNJ
2024-10-03,120.29544920292324,JNJ
2024-10-04,121.4962703914521,JNJ
2024-10-07,120.6424130323018,JNJ
2024-10-08,122.19043408732763,JNJ
2024-10-09,122.87477735542119,JNJ
2024-10-10,121.5808980044618,JNJ
2024-10-11,118.40979044543036,JNJ
2024-10-14,117.53200301453258,JNJ
2024-10-15,116.27625707402015,JNJ
2024-10-16,119.71283467435812,JNJ
2024-10-17,119.30708269473936,JNJ
2024-10-18,121.22241456395946,JNJ
2024-10-21,120.48647097773062,JNJ
2024-10-22,120.95348796285964,JNJ
2024-10-23,119.52529383089127,JNJ
2024-10-24,120.48648008830916,JNJ
2024-10-25,119.3120555105841,JNJ
2024-10-28,119.86870945697629,JNJ
2024-10-29,120.75256653822748,JNJ
2024-10-30,120.88549230000147,JNJ
2024-10-31,119.46396445894086,JNJ
2024-11-01,119.72287963420573,JNJ
2024-11-04,117.06191852296774,JNJ
2024-11-05,117.14846628402815,JNJ
2024-11-06,116.40657464830306,JNJ
2024-11-07,115.11281925552132,JNJ
2024-11-08,115.23417150999465,JNJ
2024-11-11,115.99749028109838,JNJ
2024-11-12,117.48527408665532,JNJ
2024-11-13,117.04897640203588,JNJ
2024-11-14,116.55834260048422,JNJ
2024-11-15,117.02328435780055,JNJ
2024-11-18,120.32267088304987,JNJ
2024-11-19,121.75424757439728,JNJ
2024-11-20,121.98155073432372,JNJ
2024-11-21,123.1746384691667,JNJ
2024-11-22,121.22874954266197,JNJ
2024-11-25,122.41567395913984,JNJ
2024-11-26,122.68697839778329,JNJ
2024-11-27,123.86507183547789,JNJ
2024-11-28,126.77392895112314,JNJ
2024-11-29,126.76581483521181,JNJ
2024-12-02,127.61258907528227,JNJ
2024-12-03,129.02425317220172,JNJ
2024-12-04,126.33351446782933,JNJ
2024-12-05,125.59629134433457,JNJ
2024-12-06,123.48198800747832,JNJ
2024-12-09,125.84977778815744,JNJ
2024-12-10,124.49630486798671,JNJ
2024-12-11,121.91212147631003,JNJ
2024-12-12,120.86015609515326,JNJ
2024-12-13,118.90472892973611,JNJ
2024-12-16,117.15224970231979,JNJ
2024-12-17,118.63198086008896,JNJ
2024-12-18,118.14583602874617,JNJ
2024-12-19,114.8859836245564,JNJ
2024-12-20,112.48045690329879,JNJ
2024-12-23,112.6930392388842,JNJ
2024-12-24,113.25785306614068,JNJ
2024-12-25,111.59135288139268,JNJ
2024-12-26,113.25971011529381,JNJ
2024-12-27,114.80520766048551,JNJ
2024-12-30,115.46194354511658,JNJ
2024-12-31,116.94178677282633,JNJ
2025-01-01,118.4781177416987,JNJ
2025-01-02,117.97643383425822,JNJ
2025-01-03,120.0090954041822,JNJ
2025-01-06,119.2672760299367,JNJ
2025-01-07,120.18247040071476,JNJ
2025-01-08,121.24506058101512,JNJ
2025-01-09,121.18112437668105,JNJ
2025-01-10,122.62857116866097,JNJ
2025-01-13,122.89395713986593,JNJ
2025-01-14,119.91840773904215,JNJ
2025-01-15,118.73035963685084,JNJ
2025-01-16,118.40023556337293,JNJ
2025-01-17,117.92420890706265,JNJ
2025-01-20,117.46072457175217,JNJ
2025-01-21,120.17139483125072,JNJ
2025-01-22,119.9338001364216,JNJ
2025-01-23,121.59840512559586,JNJ
2025-01-24,121.81800840001716,JNJ
2025-01-27,119.48715888581881,JNJ
2025-01-28,117.90410601370692,JNJ
2025-01-29,117.5342005976033,JNJ
2025-01-30,117.98729368762122,JNJ
2025-01-31,116.56228933421252,JNJ
2025-02-03,117.59959239583868,JNJ
2025-02-04,119.2737544012082,JNJ
2025-02-05,119.81978584514624,JNJ
2025-02-06,120.52979297255126,JNJ
2025-02-07,119.5868998196122,JNJ
2025-02-10,119.889733146008,JNJ
2025-02-11,121.59030430829154,JNJ
2025-02-12,121.5890706766045,JNJ
2025-02-13,121.29750390321622,JNJ
2025-02-14,121.8470633569292,JNJ
2025-02-17,121.94002356298802,JNJ
2025-02-18,122.92189919994469,JNJ
2025-02-19,122.01551733205972,JNJ
2025-02-20,125.61593212608122,JNJ
2025-02-21,124.40562594949148,JNJ
2025-02-24,125.16730606094673,JNJ
2025-02-25,127.27412091071092,JNJ
2025-02-26,127.46661413598,JNJ
2025-02-27,127.0404666031777,JNJ
2025-02-28,126.03224521992794,JNJ
2025-03-03,126.4056479968873,JNJ
2025-03-04,126.89029638047653,JNJ
2025-03-05,129.44784396826685,JNJ
2025-03-06,129.85268478308575,JNJ
2025-03-07,130.29033677073235,JNJ
2025-03-10,129.36471616673617,JNJ
2025-03-11,130.37127179940964,JNJ
2025-03-12,131.13936500426036,JNJ
2025-03-13,131.06118928283698,JNJ
2025-03-14,133.63606180276327,JNJ
2025-03-17,132.3929203340113,JNJ
2025-03-18,132.8930549799115,JNJ
2025-03-19,134.15719131021072,JNJ
2025-03-20,134.7894877600773,JNJ
2025-03-21,133.89244503221065,JNJ
2025-03-24,130.91752524256697,JNJ
2025-03-25,130.6822097340497,JNJ
2025-03-26,131.6418267329401,JNJ
2025-03-27,133.49325334868524,JNJ
2025-03-28,132.43908981910926,JNJ
2025-03-31,134.86446660513448,JNJ
2025-04-01,131.87174892518536,JNJ
2025-04-02,131.6649104224311,JNJ
2025-04-03,134.1665254494789,JNJ
2025-04-04,134.40247868199836,JNJ
2025-04-07,136.19922601180977,JNJ
2025-04-08,138.99050805394072,JNJ
2025-04-09,136.8193292529286,JNJ
2025-04-10,138.48570850520022,JNJ
2025-04-11,137.51075166490742,JNJ
2025-04-14,138.9389436989009,JNJ
2025-04-15,139.88374473478345,JNJ
2025-04-16,141.4018926826249,JNJ
2025-04-17,140.36904876871972,JNJ
2025-04-18,138.63317255356532,JNJ
2025-04-21,138.29330424868175,JNJ
2025-04-22,134.27991445932395,JNJ
2025-04-23,133.8490794200084,JNJ
2025-04-24,134.63479623297584,JNJ
2025-04-25,132.10577615816584,JNJ
2025-04-28,129.5640241749568,JNJ
2025-04-29,130.2148258030964,JNJ
2025-04-30,131.72026888220674,JNJ
2025-05-01,131.24004167106747,JNJ
2024-01-01,98.5492088749251,JPM
2024-01-02,98.58696349472183,JPM
2024-01-03,96.42578311574242,JPM
2024-01-04,97.95038934553506,JPM
2024-01-05,99.86097392243278,JPM
2024-01-08,96.72817275283842,JPM
2024-01-09,95.6866295693671,JPM
2024-01-10,94.81698284182887,JPM
2024-01-11,95.64063744872824,JPM
2024-01-12,96.97095472925716,JPM
2024-01-15,96.44498649726276,JPM
2024-01-16,95.70869634933284,JPM
2024-01-17,95.15457494966321,JPM
2024-01-18,97.07752007818681,JPM
2024-01-19,94.73507034393512,JPM
2024-01-22,95.3971041844041,JPM
2024-01-23,95.08310757243964,JPM
2024-01-24,97.33357726797446,JPM
2024-01-25,97.28930686223664,JPM
2024-01-26,98.57224386500503,JPM
2024-01-29,100.23052786237872,JPM
2024-01-30,102.73980035059861,JPM
2024-01-31,104.08885497642162,JPM
2024-02-01,107.35422169436063,JPM
2024-02-02,107.52786499533245,JPM
2024-02-05,108.53134970549469,JPM
2024-02-06,111.30434210655707,JPM
2024-02-07,110.50572140820447,JPM
2024-02-08,109.3510114896919,JPM
2024-02-09,108.89471896131396,JPM
2024-02-12,108.08578726702099,JPM
2024-02-13,108.26816190706425,JPM
2024-02-14,109.8117265158461,JPM
2024-02-15,109.15780665336749,JPM
2024-02-16,107.7641724856027,JPM
2024-02-19,107.08652124196743,JPM
2024-02-20,107.58027036377366,JPM
2024-02-21,105.89432527738586,JPM
2024-02-22,108.91717301230656,JPM
2024-02-23,108.2361868378516,JPM
2024-02-26,108.95905753117474,JPM
2024-02-27,108.72837797818828,JPM
2024-02-28,111.50170345265863,JPM
2024-02-29,114.57737164975859,JPM
2024-03-01,116.51569726423632,JPM
2024-03-04,117.47029112476534,JPM
2024-03-05,117.17246732722644,JPM
2024-03-06,117.17872227976765,JPM
2024-03-07,117.18098169351174,JPM
2024-03-08,114.76979374643103,JPM
2024-03-11,114.72132749388511,JPM
2024-03-12,117.07781529170269,JPM
2024-03-13,115.98218943111706,JPM
2024-03-14,117.34387825904294,JPM
2024-03-15,118.26597400094494,JPM
2024-03-18,117.36890379685482,JPM
2024-03-19,117.33766902961793,JPM
2024-03-20,117.86533562159622,JPM
2024-03-21,117.37537128498994,JPM
2024-03-22,116.63943130927072,JPM
2024-03-25,115.90604445601956,JPM
2024-03-26,117.83027017130505,JPM
2024-03-27,117.3391750390908,JPM
2024-03-28,115.88557533696387,JPM
2024-03-29,114.04219767890282,JPM
2024-04-01,112.11289635114902,JPM
2024-04-02,115.47993837274315,JPM
2024-04-03,115.67112746196763,JPM
2024-04-04,116.57549446961686,JPM
2024-04-05,114.20584512970184,JPM
2024-04-08,115.31329779049636,JPM
2024-04-09,114.13680833906403,JPM
2024-04-10,114.62796982203908,JPM
2024-04-11,113.27996626478196,JPM
2024-04-12,113.57032859869203,JPM
2024-04-15,113.86083977332919,JPM
2024-04-16,112.56709555472413,JPM
2024-04-17,111.10194647667912,JPM
2024-04-18,110.64854136168918,JPM
2024-04-19,111.88785056139946,JPM
2024-04-22,112.75998257796468,JPM
2024-04-23,113.52414835297321,JPM
2024-04-24,112.24819001812392,JPM
2024-04-25,110.3352503647125,JPM
2024-04-26,110.45321772852998,JPM
2024-04-29,109.90441408311752,JPM
2024-04-30,107.16048296622866,JPM
2024-05-01,107.1693402336784,JPM
2024-05-02,110.07952624410962,JPM
2024-05-03,113.11854553876462,JPM
2024-05-06,111.04408727367023,JPM
2024-05-07,111.5450647935327,JPM
2024-05-08,108.04084044918952,JPM
2024-05-09,109.73813884684697,JPM
2024-05-10,109.8100396117443,JPM
2024-05-13,111.34290584391839,JPM
2024-05-14,110.63581852761956,JPM
2024-05-15,110.13747181110651,JPM
2024-05-16,110.88619319698776,JPM
2024-05-17,110.15077100857911,JPM
2024-05-20,111.82383124898384,JPM
2024-05-21,113.19073515330781,JPM
2024-05-22,113.60576512274051,JPM
2024-05-23,112.77359530839414,JPM
2024-05-24,112.28943371579373,JPM
2024-05-27,114.47374143928367,JPM
2024-05-28,116.51839737991952,JPM
2024-05-29,119.5704790258984,JPM
2024-05-30,121.23049894448857,JPM
2024-05-31,119.92159944853759,JPM
2024-06-03,123.23979224760144,JPM
2024-06-04,121.14126868793969,JPM
2024-06-05,121.4242972266068,JPM
2024-06-06,120.61562131517806,JPM
2024-06-07,119.2473732398145,JPM
2024-06-10,117.39776409432207,JPM
2024-06-11,119.41941500026269,JPM
2024-06-12,121.55152337583996,JPM
2024-06-13,122.44396008429501,JPM
2024-06-14,125.59399070537505,JPM
2024-06-17,124.66457721951855,JPM
2024-06-18,124.52052944986488,JPM
2024-06-19,124.63118277401705,JPM
2024-06-20,126.03830706450967,JPM
2024-06-21,126.21156250014268,JPM
2024-06-24,125.96317995776737,JPM
2024-06-25,125.46289232562943,JPM
2024-06-26,126.50900536934839,JPM
2024-06-27,126.42372096795826,JPM
2024-06-28,124.7751299724966,JPM
2024-07-01,124.20873845144357,JPM
2024-07-02,125.62166966761009,JPM
2024-07-03,124.54354692230089,JPM
2024-07-04,124.99193988443753,JPM
2024-07-05,126.95440207627281,JPM
2024-07-08,126.6223179359754,JPM
2024-07-09,127.51290751836046,JPM
2024-07-10,127.73261404100285,JPM
2024-07-11,129.069385060751,JPM
2024-07-12,128.89642737532958,JPM
2024-07-15,127.9803918928185,JPM
2024-07-16,128.6235769261291,JPM
2024-07-17,129.44861042728763,JPM
2024-07-18,130.79417361870463,JPM
2024-07-19,133.25854885093463,JPM
2024-07-22,133.95235361407373,JPM
2024-07-23,133.1322282145365,JPM
2024-07-24,130.77862388730136,JPM
2024-07-25,130.43450575584598,JPM
2024-07-26,132.45056852648608,JPM
2024-07-29,132.40504773388648,JPM
2024-07-30,132.4246899723134,JPM
2024-07-31,130.6372417430817,JPM
2024-08-01,131.447200755952,JPM
2024-08-02,132.7001431106604,JPM
2024-08-05,132.95497818906597,JPM
2024-08-06,132.80419791854013,JPM
2024-08-07,132.84402612579152,JPM
2024-08-08,135.5880795534176,JPM
2024-08-09,137.4974864996173,JPM
2024-08-12,137.6713911076007,JPM
2024-08-13,135.2731482764917,JPM
2024-08-14,134.79175033571124,JPM
2024-08-15,136.42716221930965,JPM
2024-08-16,136.14295615270504,JPM
2024-08-19,138.16604482756355,JPM
2024-08-20,140.25472205894917,JPM
2024-08-21,143.4287943401652,JPM
2024-08-22,141.40823582691192,JPM
2024-08-23,141.112974259866,JPM
2024-08-26,141.40819397332223,JPM
2024-08-27,144.4622051745355,JPM
2024-08-28,143.1055244611743,JPM
2024-08-29,142.50077254073835,JPM
2024-08-30,141.11588562152184,JPM
2024-09-02,142.6935941015581,JPM
2024-09-03,144.14507953035172,JPM
2024-09-04,144.0734961959098,JPM
2024-09-05,145.1084460778879,JPM
2024-09-06,142.45245594019417,JPM
2024-09-09,145.14836608271798,JPM
2024-09-10,144.43412748392595,JPM
2024-09-11,143.75952477590678,JPM
2024-09-12,145.57337391992664,JPM
2024-09-13,145.98179542902022,JPM
2024-09-16,145.3449255993417,JPM
2024-09-17,144.72800043412224,JPM
2024-09-18,143.6491965102266,JPM
2024-09-19,142.8432786559872,JPM
2024-09-20,142.0339727498622,JPM
2024-09-23,141.47665637226152,JPM
2024-09-24,139.3383101984436,JPM
2024-09-25,140.651906564735,JPM
2024-09-26,140.97981478355135,JPM
2024-09-27,138.74856660498008,JPM
2024-09-30,138.43861862155498,JPM
2024-10-01,136.54293824322536,JPM
2024-10-02,134.74158048569777,JPM
2024-10-03,134.35731951105478,JPM
2024-10-04,134.8085413620559,JPM
2024-10-07,133.1148008152608,JPM
2024-10-08,134.07726595494896,JPM
2024-10-09,133.56791981632068,JPM
2024-10-10,132.71911987061196,JPM
2024-10-11,132.12393343816208,JPM
2024-10-14,131.66280921049906,JPM
2024-10-15,130.4177762750936,JPM
2024-10-16,132.0035231264088,JPM
2024-10-17,130.96844704303385,JPM
2024-10-18,134.07632095609338,JPM
2024-10-21,134.79721408282586,JPM
2024-10-22,133.62760482123147,JPM
2024-10-23,135.35975926890706,JPM
2024-10-24,135.3583507758096,JPM
2024-10-25,135.21851217687276,JPM
2024-10-28,134.5840876865974,JPM
2024-10-29,131.42515344145352,JPM
2024-10-30,130.8043924837391,JPM
2024-10-31,131.6749547999991,JPM
2024-11-01,129.49726925466098,JPM
2024-11-04,130.54464393024793,JPM
2024-11-05,132.206407168017,JPM
2024-11-06,130.6074090323242,JPM
2024-11-07,129.52711368940277,JPM
2024-11-08,129.99683978857823,JPM
2024-11-11,128.99829439848293,JPM
2024-11-12,129.19473022194867,JPM
2024-11-13,130.57090318909488,JPM
2024-11-14,129.61345549577797,JPM
2024-11-15,128.83446803532019,JPM
2024-11-18,128.6173834891274,JPM
2024-11-19,127.98800731053919,JPM
2024-11-20,126.42489835140444,JPM
2024-11-21,129.58877575840458,JPM
2024-11-22,130.1037542929596,JPM
2024-11-25,131.1486715081787,JPM
2024-11-26,128.90602888228844,JPM
2024-11-27,128.09448700376998,JPM
2024-11-28,127.97694724628113,JPM
2024-11-29,129.5661788216932,JPM
2024-12-02,128.34608675696157,JPM
2024-12-03,130.29222802974354,JPM
2024-12-04,130.01516638817816,JPM
2024-12-05,131.3248832652886,JPM
2024-12-06,131.96240968231535,JPM
2024-12-09,130.72774305485078,JPM
2024-12-10,129.193517502056,JPM
2024-12-11,128.09740753281676,JPM
2024-12-12,129.18659033054163,JPM
2024-12-13,128.49152509521326,JPM
2024-12-16,130.90912686828312,JPM
2024-12-17,132.0350145201686,JPM
2024-12-18,133.6893790863287,JPM
2024-12-19,133.66285828191323,JPM
2024-12-20,133.58636762686405,JPM
2024-12-23,131.06914975646075,JPM
2024-12-24,132.30614677405174,JPM
2024-12-25,132.301425275432,JPM
2024-12-26,134.65875755221447,JPM
2024-12-27,134.29339345235218,JPM
2024-12-30,134.8298367405186,JPM
2024-12-31,135.7175312849001,JPM
2025-01-01,134.94432380496008,JPM
2025-01-02,136.16286876230816,JPM
2025-01-03,133.9228868190222,JPM
2025-01-06,134.03784602795952,JPM
2025-01-07,134.43678505717003,JPM
2025-01-08,135.10377708878985,JPM
2025-01-09,134.99699980676365,JPM
2025-01-10,133.26323773906316,JPM
2025-01-13,133.10975146435246,JPM
2025-01-14,132.05792836975132,JPM
2025-01-15,129.98689054685434,JPM
2025-01-16,129.6481723187522,JPM
2025-01-17,133.78124658600046,JPM
2025-01-20,133.46612039877664,JPM
2025-01-21,134.16814325002412,JPM
2025-01-22,133.83741247010767,JPM
2025-01-23,136.4258152744919,JPM
2025-01-24,138.2210267661339,JPM
2025-01-27,138.56385895509803,JPM
2025-01-28,141.02229776604582,JPM
2025-01-29,141.3824130821105,JPM
2025-01-30,140.32658635796042,JPM
2025-01-31,140.12517098622806,JPM
2025-02-03,139.83236932895147,JPM
2025-02-04,138.75245971370612,JPM
2025-02-05,138.2433706761148,JPM
2025-02-06,139.8892212427541,JPM
2025-02-07,138.82707251874035,JPM
2025-02-10,137.2630363195626,JPM
2025-02-11,135.89092639263328,JPM
2025-02-12,135.66645233351505,JPM
2025-02-13,137.3834377611832,JPM
2025-02-14,138.3303023066294,JPM
2025-02-17,139.57895077937803,JPM
2025-02-18,139.93411062853187,JPM
2025-02-19,138.98262507424772,JPM
2025-02-20,139.85202120644465,JPM
2025-02-21,140.4854618692239,JPM
2025-02-24,139.76708225409902,JPM
2025-02-25,138.0559825984294,JPM
2025-02-26,140.61313299301946,JPM
2025-02-27,140.43129524441423,JPM
2025-02-28,139.11089263373958,JPM
2025-03-03,139.8941632885129,JPM
2025-03-04,140.41378071085285,JPM
2025-03-05,141.98604173582459,JPM
2025-03-06,142.3567022603792,JPM
2025-03-07,145.84089601225998,JPM
2025-03-10,144.53638567458202,JPM
2025-03-11,145.12104686967936,JPM
2025-03-12,146.38742876510037,JPM
2025-03-13,143.98658490884247,JPM
2025-03-14,145.59490868211788,JPM
2025-03-17,144.83636762108344,JPM
2025-03-18,142.78945236631154,JPM
2025-03-19,142.7425112083534,JPM
2025-03-20,141.50309890800352,JPM
2025-03-21,141.24562677309075,JPM
2025-03-24,141.31203651876024,JPM
2025-03-25,141.41218837779653,JPM
2025-03-26,143.1471284732468,JPM
2025-03-27,142.46028966840984,JPM
2025-03-28,141.61483153214735,JPM
2025-03-31,141.28247440893273,JPM
2025-04-01,140.85358900939858,JPM
2025-04-02,139.4131611719053,JPM
2025-04-03,138.4493321599037,JPM
2025-04-04,137.60276344189006,JPM
2025-04-07,137.34182953902516,JPM
2025-04-08,139.09899247441464,JPM
2025-04-09,140.47991435143712,JPM
2025-04-10,142.97235815943932,JPM
2025-04-11,141.7607305446217,JPM
2025-04-14,141.1923236383224,JPM
2025-04-15,140.50193167565413,JPM
2025-04-16,140.7046618972594,JPM
2025-04-17,140.4934343029115,JPM
2025-04-18,141.68270871578565,JPM
2025-04-21,143.41070626492458,JPM
2025-04-22,146.5949818016721,JPM
2025-04-23,148.56083955636876,JPM
2025-04-24,146.8647043680379,JPM
2025-04-25,146.2222014116627,JPM
2025-04-28,146.07573902361855,JPM
2025-04-29,144.39896733416387,JPM
2025-04-30,143.79265579609734,JPM
2025-05-01,143.02738014404278,JPM
2024-01-01,102.34637100965394,MS
2024-01-02,102.33941706672616,MS
2024-01-03,102.23041402955641,MS
2024-01-04,103.45079913687984,MS
2024-01-05,106.34178169382704,MS
2024-01-08,104.44680290638256,MS
2024-01-09,101.91927996782196,MS
2024-01-10,102.66747111542561,MS
2024-01-11,102.01328301209772,MS
2024-01-12,102.03236940367076,MS
2024-01-15,100.3935748977981,MS
2024-01-16,101.39865764266784,MS
2024-01-17,101.38212420660437,MS
2024-01-18,98.41277444648773,MS
2024-01-19,99.02794087732343,MS
2024-01-22,96.06770249286257,MS
2024-01-23,94.91889689856455,MS
2024-01-24,93.71652862890134,MS
2024-01-25,92.92115226628033,MS
2024-01-26,93.04497695407967,MS
2024-01-29,91.71838528514625,MS
2024-01-30,90.87610988563762,MS
2024-01-31,90.50446833165543,MS
2024-02-01,88.37988442126121,MS
2024-02-02,89.4934878324811,MS
2024-02-05,87.6413960537405,MS
2024-02-06,85.48408637924702,MS
2024-02-07,85.11577698533907,MS
2024-02-08,83.44575717130557,MS
2024-02-09,85.63375685258566,MS
2024-02-12,85.17623026925662,MS
2024-02-13,84.2476583920181,MS
2024-02-14,83.77914560008553,MS
2024-02-15,82.62630967407458,MS
2024-02-16,81.2025138890299,MS
2024-02-19,79.9202368566111,MS
2024-02-20,81.63628985442922,MS
2024-02-21,81.24841825384983,MS
2024-02-22,80.24959014037711,MS
2024-02-23,78.87020513347196,MS
2024-02-26,76.35186797897744,MS
2024-02-27,76.08186324892618,MS
2024-02-28,74.14489027903062,MS
2024-02-29,73.51450295503987,MS
2024-03-01,72.41931931872992,MS
2024-03-04,71.52136906419662,MS
2024-03-05,73.52509303003029,MS
2024-03-06,76.27780013010886,MS
2024-03-07,80.25808974124848,MS
2024-03-08,82.63086146970281,MS
2024-03-11,81.28682358101766,MS
2024-03-12,81.01348850821928,MS
2024-03-13,82.45425919727987,MS
2024-03-14,83.05190392043352,MS
2024-03-15,83.06242134365748,MS
2024-03-18,83.80916592415642,MS
2024-03-19,85.66513040297369,MS
2024-03-20,86.56521708241162,MS
2024-03-21,85.68430613583826,MS
2024-03-22,86.82195926032223,MS
2024-03-25,86.8782103349282,MS
2024-03-26,87.49695067627137,MS
2024-03-27,88.44407592667712,MS
2024-03-28,89.00371894530696,MS
2024-03-29,87.75637281700267,MS
2024-04-01,85.82225126360646,MS
2024-04-02,85.56334564645856,MS
2024-04-03,83.14266478971834,MS
2024-04-04,81.87776763015938,MS
2024-04-05,82.8955975908692,MS
2024-04-08,83.76126303002445,MS
2024-04-09,84.88964452844019,MS
2024-04-10,84.5067507807158,MS
2024-04-11,85.22044829827091,MS
2024-04-12,86.13931058768078,MS
2024-04-15,85.24995298853497,MS
2024-04-16,82.41181719779436,MS
2024-04-17,78.19481946782864,MS
2024-04-18,80.61202608684704,MS
2024-04-19,79.0123435819822,MS
2024-04-22,77.70888740307464,MS
2024-04-23,76.29851343716857,MS
2024-04-24,75.96007614341627,MS
2024-04-25,75.73342939266615,MS
2024-04-26,74.78909552334667,MS
2024-04-29,74.03256421507436,MS
2024-04-30,71.78913857392813,MS
2024-05-01,71.59047012624809,MS
2024-05-02,73.45324400447184,MS
2024-05-03,74.61041528625383,MS
2024-05-06,75.29886864196676,MS
2024-05-07,74.10335891993013,MS
2024-05-08,77.00007926275464,MS
2024-05-09,76.21372268077653,MS
2024-05-10,78.90961321033494,MS
2024-05-13,78.00217584948322,MS
2024-05-14,77.00008836635834,MS
2024-05-15,76.12857887508844,MS
2024-05-16,74.98641576599496,MS
2024-05-17,76.60628069575645,MS
2024-05-20,77.14625183996647,MS
2024-05-21,76.57228826547112,MS
2024-05-22,75.93808993758115,MS
2024-05-23,74.65261958643663,MS
2024-05-24,75.47229465906882,MS
2024-05-27,76.13275167804481,MS
2024-05-28,75.8698239058355,MS
2024-05-29,75.07603026593102,MS
2024-05-30,73.83745161957643,MS
2024-05-31,72.45854927224237,MS
2024-06-03,72.4378011600137,MS
2024-06-04,71.69068237113656,MS
2024-06-05,73.12617490258822,MS
2024-06-06,72.39430157987492,MS
2024-06-07,71.43452108881623,MS
2024-06-10,70.2765477683626,MS
2024-06-11,70.99201391886977,MS
2024-06-12,73.71603812169465,MS
2024-06-13,77.05372270455173,MS
2024-06-14,78.78728552761908,MS
2024-06-17,80.48822603574584,MS
2024-06-18,81.24452600753693,MS
2024-06-19,83.15251988569739,MS
2024-06-20,85.84294654939605,MS
2024-06-21,85.30857234992486,MS
2024-06-24,82.38472399701413,MS
2024-06-25,81.51965216032809,MS
2024-06-26,79.95987654546889,MS
2024-06-27,78.59471045866364,MS
2024-06-28,79.06578483303548,MS
2024-07-01,81.22157177268068,MS
2024-07-02,82.87862529802428,MS
2024-07-03,83.4221292398611,MS
2024-07-04,81.82509011542817,MS
2024-07-05,81.32475581977057,MS
2024-07-08,81.85431068067429,MS
2024-07-09,81.91615880658276,MS
2024-07-10,84.8372347404378,MS
2024-07-11,86.48627043309702,MS
2024-07-12,86.9402373355067,MS
2024-07-15,89.9258305005218,MS
2024-07-16,89.89292665262057,MS
2024-07-17,86.42137654835278,MS
2024-07-18,87.7395923616042,MS
2024-07-19,86.35646795573246,MS
2024-07-22,85.90278611641912,MS
2024-07-23,88.70500015030451,MS
2024-07-24,89.27376350264234,MS
2024-07-25,88.84142300870778,MS
2024-07-26,87.06370461217236,MS
2024-07-29,86.24429172687934,MS
2024-07-30,83.4757496121261,MS
2024-07-31,82.97795920911692,MS
2024-08-01,82.7942005789258,MS
2024-08-02,82.50411864769725,MS
2024-08-05,83.01224555221094,MS
2024-08-06,85.30232034632877,MS
2024-08-07,86.51832869223672,MS
2024-08-08,86.40120496174455,MS
2024-08-09,87.35372387596529,MS
2024-08-12,88.7215631785639,MS
2024-08-13,89.33122357624389,MS
2024-08-14,90.9109963234219,MS
2024-08-15,89.49820227983567,MS
2024-08-16,89.82480425476263,MS
2024-08-19,91.45858546055204,MS
2024-08-20,91.38444898818612,MS
2024-08-21,92.48863979541005,MS
2024-08-22,90.01965370603637,MS
2024-08-23,89.73652037907989,MS
2024-08-26,92.93300700628939,MS
2024-08-27,91.80532061665396,MS
2024-08-28,94.10154325220842,MS
2024-08-29,97.72128332345254,MS
2024-08-30,97.60123451986043,MS
2024-09-02,96.82294208641284,MS
2024-09-03,97.76296674803577,MS
2024-09-04,93.42775653003255,MS
2024-09-05,93.03792618571002,MS
2024-09-06,93.87551785506844,MS
2024-09-09,95.62866914643499,MS
2024-09-10,95.54974542138717,MS
2024-09-11,97.09783920037776,MS
2024-09-12,97.72081204328632,MS
2024-09-13,98.34642364165713,MS
2024-09-16,101.08551142157656,MS
2024-09-17,99.17564098995015,MS
2024-09-18,95.15906630433673,MS
2024-09-19,95.38175301581131,MS
2024-09-20,92.36286081183786,MS
2024-09-23,91.73127445512432,MS
2024-09-24,89.09282677386533,MS
2024-09-25,90.00389935648974,MS
2024-09-26,87.55741411333794,MS
2024-09-27,86.5741686809773,MS
2024-09-30,85.05233665124265,MS
2024-10-01,87.60305710676892,MS
2024-10-02,87.62049856064363,MS
2024-10-03,87.89786259150321,MS
2024-10-04,86.9173586207289,MS
2024-10-07,86.83632291729903,MS
2024-10-08,88.81306647013382,MS
2024-10-09,90.57362624474088,MS
2024-10-10,91.56088202180219,MS
2024-10-11,93.27130063450437,MS
2024-10-14,92.29993199063132,MS
2024-10-15,93.6638046820228,MS
2024-10-16,93.59861276696024,MS
2024-10-17,92.56725427753018,MS
2024-10-18,92.8847410348965,MS
2024-10-21,92.23450355349557,MS
2024-10-22,92.02807796753795,MS
2024-10-23,91.05039618455037,MS
2024-10-24,91.0404862546971,MS
2024-10-25,90.6982991397794,MS
2024-10-28,90.91477077084268,MS
2024-10-29,91.42560951949785,MS
2024-10-30,95.09986679524077,MS
2024-10-31,94.92349466924158,MS
2024-11-01,97.06704971844388,MS
2024-11-04,98.2700068025138,MS
2024-11-05,98.36399882410099,MS
2024-11-06,96.43323100367485,MS
2024-11-07,96.17549281790792,MS
2024-11-08,96.81198961468273,MS
2024-11-11,96.44562823335959,MS
2024-11-12,96.59226261485654,MS
2024-11-13,101.10594469359653,MS
2024-11-14,101.74353684849922,MS
2024-11-15,101.94444549938889,MS
2024-11-18,100.43758113768064,MS
2024-11-19,99.18511421797669,MS
2024-11-20,100.87979492699971,MS
2024-11-21,101.75064215212758,MS
2024-11-22,103.78940340006889,MS
2024-11-25,102.92930558590112,MS
2024-11-26,102.41687062525492,MS
2024-11-27,101.40045864782172,MS
2024-11-28,101.8804649770888,MS
2024-11-29,103.43752752716505,MS
2024-12-02,104.94365050073192,MS
2024-12-03,103.12300965805872,MS
2024-12-04,102.97628360781411,MS
2024-12-05,100.44343273967264,MS
2024-12-06,101.15429156985321,MS
2024-12-09,101.68715823667789,MS
2024-12-10,102.67664504358738,MS
2024-12-11,105.08424587784393,MS
2024-12-12,107.81744089132894,MS
2024-12-13,106.93688112097402,MS
2024-12-16,107.20340169401294,MS
2024-12-17,106.96681779062492,MS
2024-12-18,106.2822688886207,MS
2024-12-19,104.48567882338043,MS
2024-12-20,104.91679897773427,MS
2024-12-23,106.96792874320074,MS
2024-12-24,108.1432283540948,MS
2024-12-25,108.77738666050388,MS
2024-12-26,110.059264278996,MS
2024-12-27,109.9487639397189,MS
2024-12-30,110.55414375538453,MS
2024-12-31,112.92653040635223,MS
2025-01-01,112.78232939908386,MS
2025-01-02,112.76226440976737,MS
2025-01-03,115.64074658693123,MS
2025-01-06,113.516979759321,MS
2025-01-07,113.38675794060069,MS
2025-01-08,115.4152287740489,MS
2025-01-09,117.48638348897614,MS
2025-01-10,118.001230028209,MS
2025-01-13,115.86084930403987,MS
2025-01-14,117.96970184805627,MS
2025-01-15,119.30217022461245,MS
2025-01-16,121.25945418718825,MS
2025-01-17,121.62250192677355,MS
2025-01-20,122.98000910888467,MS
2025-01-21,123.51666574466086,MS
2025-01-22,123.18164344122395,MS
2025-01-23,127.65167695559259,MS
2025-01-24,128.0802469598871,MS
2025-01-27,127.57049200988129,MS
2025-01-28,128.24201051558026,MS
2025-01-29,127.7495165844951,MS
2025-01-30,127.08292338873602,MS
2025-01-31,127.28448615271546,MS
2025-02-03,125.73714124429269,MS
2025-02-04,126.70376856709228,MS
2025-02-05,124.97888983071195,MS
2025-02-06,127.83112410571496,MS
2025-02-07,126.56279710698364,MS
2025-02-10,126.71371741195114,MS
2025-02-11,125.55180308253179,MS
2025-02-12,127.14876970365698,MS
2025-02-13,126.56060636589245,MS
2025-02-14,124.6978585291565,MS
2025-02-17,124.62659522694884,MS
2025-02-18,123.50678939115774,MS
2025-02-19,124.49361461026578,MS
2025-02-20,125.49259553330826,MS
2025-02-21,123.59157071621279,MS
2025-02-24,124.71278578644807,MS
2025-02-25,124.08716617051837,MS
2025-02-26,122.583012206286,MS
2025-02-27,125.11657489926725,MS
2025-02-28,124.65593686480246,MS
2025-03-03,121.58543654572935,MS
2025-03-04,121.02076768424527,MS
2025-03-05,122.92761798140876,MS
2025-03-06,121.6491341590519,MS
2025-03-07,120.29578866882372,MS
2025-03-10,119.99675245669896,MS
2025-03-11,119.6433837567203,MS
2025-03-12,120.12522471725389,MS
2025-03-13,120.60289198203378,MS
2025-03-14,120.18411249827486,MS
2025-03-17,117.90958118440687,MS
2025-03-18,118.00289853192074,MS
2025-03-19,121.75625437647749,MS
2025-03-20,120.97147323531892,MS
2025-03-21,121.41307970862789,MS
2025-03-24,122.83821821844812,MS
2025-03-25,121.84435999638929,MS
2025-03-26,122.1654912211581,MS
2025-03-27,119.23569848400604,MS
2025-03-28,117.91774917929871,MS
2025-03-31,118.24736779984036,MS
2025-04-01,118.56739098060241,MS
2025-04-02,119.54174619070096,MS
2025-04-03,117.37873570924204,MS
2025-04-04,119.9815341247762,MS
2025-04-07,119.6228079204637,MS
2025-04-08,120.27129525823344,MS
2025-04-09,119.44268574258363,MS
2025-04-10,119.35500347486115,MS
2025-04-11,120.5054436146608,MS
2025-04-14,122.590145924387,MS
2025-04-15,124.06500357915,MS
2025-04-16,125.34523217099702,MS
2025-04-17,126.14022672724589,MS
2025-04-18,124.34561551801913,MS
2025-04-21,121.61790254203439,MS
2025-04-22,120.41141717393702,MS
2025-04-23,118.39565260492117,MS
2025-04-24,117.79144756936479,MS
2025-04-25,117.16727401817063,MS
2025-04-28,115.06009836314593,MS
2025-04-29,112.05735334337449,MS
2025-04-30,111.97660911429097,MS
2025-05-01,111.58135243540679,MS
2024-01-01,101.058637151875,ABBV
2024-01-02,100.49592949370115,ABBV
2024-01-03,101.10642981264203,ABBV
2024-01-04,102.5298320241637,ABBV
2024-01-05,103.72365939053007,ABBV
2024-01-08,102.20601852604727,ABBV
2024-01-09,105.8669544557967,ABBV
2024-01-10,106.16737018825172,ABBV
2024-01-11,105.42703759376614,ABBV
2024-01-12,106.00046350208235,ABBV
2024-01-15,106.76603446574686,ABBV
2024-01-16,105.10772681091338,ABBV
2024-01-17,105.30779991419334,ABBV
2024-01-18,104.51646962860859,ABBV
2024-01-19,103.31430430568145,ABBV
2024-01-22,102.2773721836871,ABBV
2024-01-23,104.73031440845254,ABBV
2024-01-24,105.05206609658875,ABBV
2024-01-25,105.80177367746748,ABBV
2024-01-26,107.09304752097916,ABBV
2024-01-29,106.95135460107072,ABBV
2024-01-30,107.52754555867341,ABBV
2024-01-31,106.2175080945604,ABBV
2024-02-01,109.5782774539564,ABBV
2024-02-02,108.20299000615486,ABBV
2024-02-05,108.05698543936624,ABBV
2024-02-06,106.07686969062584,ABBV
2024-02-07,105.64907694602259,ABBV
2024-02-08,109.69135754028358,ABBV
2024-02-09,111.4121236594198,ABBV
2024-02-12,113.11567445601086,ABBV
2024-02-13,113.01791164645236,ABBV
2024-02-14,113.4119245583274,ABBV
2024-02-15,113.14372029509984,ABBV
2024-02-16,112.55109138295647,ABBV
2024-02-19,113.83427541960627,ABBV
2024-02-20,115.3153266875265,ABBV
2024-02-21,115.00216614414543,ABBV
2024-02-22,113.816393325556,ABBV
2024-02-23,112.43325691187975,ABBV
2024-02-26,111.82935703614088,ABBV
2024-02-27,112.57687587052797,ABBV
2024-02-28,113.82095367238665,ABBV
2024-02-29,113.74568405066823,ABBV
2024-03-01,112.64095835631056,ABBV
2024-03-04,111.23884844501428,ABBV
2024-03-05,110.05098449274392,ABBV
2024-03-06,111.48042308069017,ABBV
2024-03-07,111.499919288257,ABBV
2024-03-08,112.27268217098438,ABBV
2024-03-11,114.38450593082443,ABBV
2024-03-12,114.7252579632403,ABBV
2024-03-13,115.36647109829622,ABBV
2024-03-14,116.16536131980106,ABBV
2024-03-15,114.9840478262234,ABBV
2024-03-18,114.19298421974611,ABBV
2024-03-19,112.8182215394726,ABBV
2024-03-20,114.51680595597553,ABBV
2024-03-21,114.35057722226856,ABBV
2024-03-22,114.7676775246467,ABBV
2024-03-25,118.08992577115562,ABBV
2024-03-26,119.31714505464863,ABBV
2024-03-27,118.63546129785162,ABBV
2024-03-28,119.34068603886399,ABBV
2024-03-29,121.80433360902353,ABBV
2024-04-01,122.993867797668,ABBV
2024-04-02,121.91351871709772,ABBV
2024-04-03,123.99771347473445,ABBV
2024-04-04,122.83247412989517,ABBV
2024-04-05,122.66920842849429,ABBV
2024-04-08,122.70071205072793,ABBV
2024-04-09,123.62186256191676,ABBV
2024-04-10,123.47825406667363,ABBV
2024-04-11,124.19329875183826,ABBV
2024-04-12,122.97852554669018,ABBV
2024-04-15,123.60185029820258,ABBV
2024-04-16,124.27573869141587,ABBV
2024-04-17,126.05749585769865,ABBV
2024-04-18,124.73933006401803,ABBV
2024-04-19,123.8641080109744,ABBV
2024-04-22,122.50323147927836,ABBV
2024-04-23,124.40312386904262,ABBV
2024-04-24,124.03398073838461,ABBV
2024-04-25,122.73672515680613,ABBV
2024-04-26,124.56580005665566,ABBV
2024-04-29,124.70541927358563,ABBV
2024-04-30,124.80993453403237,ABBV
2024-05-01,122.97168040986902,ABBV
2024-05-02,121.12123310572318,ABBV
2024-05-03,121.10105079389037,ABBV
2024-05-06,121.95768996378966,ABBV
2024-05-07,120.71292103181995,ABBV
2024-05-08,121.4577078924457,ABBV
2024-05-09,123.09371745686826,ABBV
2024-05-10,124.61979073785893,ABBV
2024-05-13,122.13977272381968,ABBV
2024-05-14,123.61980439357379,ABBV
2024-05-15,123.2375453559088,ABBV
2024-05-16,122.24491403738176,ABBV
2024-05-17,125.79175408887957,ABBV
2024-05-20,124.88943493414163,ABBV
2024-05-21,125.54286479796306,ABBV
2024-05-22,126.18183424833012,ABBV
2024-05-23,125.10799710858058,ABBV
2024-05-24,125.99057186629568,ABBV
2024-05-27,126.39069898522496,ABBV
2024-05-28,124.76987707869317,ABBV
2024-05-29,126.54600790728432,ABBV
2024-05-30,126.90885277191467,ABBV
2024-05-31,127.13804276656353,ABBV
2024-06-03,125.03093677578684,ABBV
2024-06-04,125.7559331288085,ABBV
2024-06-05,124.70768179571303,ABBV
2024-06-06,127.25584453295434,ABBV
2024-06-07,126.15546233038387,ABBV
2024-06-10,124.5041830171218,ABBV
2024-06-11,126.96455026188832,ABBV
2024-06-12,125.43738700954546,ABBV
2024-06-13,123.23523722447007,ABBV
2024-06-14,123.25170608437321,ABBV
2024-06-17,123.00971929462926,ABBV
2024-06-18,122.42948385744462,ABBV
2024-06-19,123.5743239704531,ABBV
2024-06-20,122.52345817117246,ABBV
2024-06-21,124.37831870555067,ABBV
2024-06-24,125.07928355050645,ABBV
2024-06-25,128.01136180234815,ABBV
2024-06-26,128.2363738370507,ABBV
2024-06-27,128.19528207307158,ABBV
2024-06-28,126.94979515571286,ABBV
2024-07-01,126.24915076002792,ABBV
2024-07-02,125.79599805393107,ABBV
2024-07-03,124.99672816634504,ABBV
2024-07-04,127.04597517473604,ABBV
2024-07-05,128.17115675988413,ABBV
2024-07-08,127.88358733170737,ABBV
2024-07-09,126.8668796335233,ABBV
2024-07-10,129.95458316020301,ABBV
2024-07-11,131.177559366988,ABBV
2024-07-12,129.79637305918237,ABBV
2024-07-15,130.8405023367678,ABBV
2024-07-16,131.41224542055843,ABBV
2024-07-17,131.87471864018227,ABBV
2024-07-18,131.547370852567,ABBV
2024-07-19,130.556219338084,ABBV
2024-07-22,131.15795559607744,ABBV
2024-07-23,130.51064792057318,ABBV
2024-07-24,129.86242266387686,ABBV
2024-07-25,129.28873546211315,ABBV
2024-07-26,129.2883304776921,ABBV
2024-07-29,127.80824038327077,ABBV
2024-07-30,126.91745730524116,ABBV
2024-07-31,126.68069487358936,ABBV
2024-08-01,127.71597426623534,ABBV
2024-08-02,127.03648694974672,ABBV
2024-08-05,127.29920809359706,ABBV
2024-08-06,128.4918115449757,ABBV
2024-08-07,130.83662841654908,ABBV
2024-08-08,129.19234037037745,ABBV
2024-08-09,128.5006751187927,ABBV
2024-08-12,127.0649290406333,ABBV
2024-08-13,131.75213502574968,ABBV
2024-08-14,134.34444433715862,ABBV
2024-08-15,138.47746427307953,ABBV
2024-08-16,139.36088489629208,ABBV
2024-08-19,139.01538565854852,ABBV
2024-08-20,138.0826104317913,ABBV
2024-08-21,136.41172462432635,ABBV
2024-08-22,136.38300583798502,ABBV
2024-08-23,138.05503808438138,ABBV
2024-08-26,136.70340429869677,ABBV
2024-08-27,134.7185225878385,ABBV
2024-08-28,132.33833116332082,ABBV
2024-08-29,133.09970794675414,ABBV
2024-08-30,131.00239661229037,ABBV
2024-09-02,131.72914272278126,ABBV
2024-09-03,133.84586064066647,ABBV
2024-09-04,134.18921155632893,ABBV
2024-09-05,134.8494568482934,ABBV
2024-09-06,134.16059771483117,ABBV
2024-09-09,136.03329334923325,ABBV
2024-09-10,136.49220614346586,ABBV
2024-09-11,134.70419299955313,ABBV
2024-09-12,136.141297205329,ABBV
2024-09-13,135.66753080740222,ABBV
2024-09-16,138.70078923236116,ABBV
2024-09-17,139.69710945466983,ABBV
2024-09-18,139.5008496576126,ABBV
2024-09-19,139.83503820493246,ABBV
2024-09-20,141.50978901627522,ABBV
2024-09-23,136.6035186876528,ABBV
2024-09-24,136.08436418280786,ABBV
2024-09-25,136.50947023307276,ABBV
2024-09-26,136.9463758285924,ABBV
2024-09-27,139.84954960126765,ABBV
2024-09-30,141.98215732210997,ABBV
2024-10-01,142.3187961658636,ABBV
2024-10-02,140.93251874634194,ABBV
2024-10-03,142.22370791104265,ABBV
2024-10-04,139.7468942795713,ABBV
2024-10-07,140.00613542044707,ABBV
2024-10-08,140.20128824127306,ABBV
2024-10-09,143.95534319790517,ABBV
2024-10-10,144.9980275046212,ABBV
2024-10-11,143.07608660649828,ABBV
2024-10-14,144.9310270914471,ABBV
2024-10-15,145.44532551202118,ABBV
2024-10-16,144.82086182751684,ABBV
2024-10-17,146.67746114308352,ABBV
2024-10-18,146.54993654141555,ABBV
2024-10-21,146.1386803283465,ABBV
2024-10-22,144.87000240075702,ABBV
2024-10-23,144.40807886914794,ABBV
2024-10-24,145.21351832928627,ABBV
2024-10-25,147.08163480405634,ABBV
2024-10-28,146.25121665736467,ABBV
2024-10-29,144.1962687584052,ABBV
2024-10-30,145.0431860852523,ABBV
2024-10-31,144.4989368143556,ABBV
2024-11-01,143.83156574715866,ABBV
2024-11-04,144.8246056089976,ABBV
2024-11-05,145.47473845158325,ABBV
2024-11-06,145.65398711230188,ABBV
2024-11-07,148.12188638220718,ABBV
2024-11-08,148.39500498101188,ABBV
2024-11-11,148.64521649461534,ABBV
2024-11-12,149.48755931387507,ABBV
2024-11-13,147.2213854367768,ABBV
2024-11-14,146.43273000485334,ABBV
2024-11-15,146.18823234083473,ABBV
2024-11-18,144.60989836241936,ABBV
2024-11-19,145.52464214163837,ABBV
2024-11-20,145.37662151127282,ABBV
2024-11-21,145.7860839029313,ABBV
2024-11-22,145.59734915071988,ABBV
2024-11-25,146.46445922451542,ABBV
2024-11-26,147.76355137017737,ABBV
2024-11-27,149.68453774520498,ABBV
2024-11-28,150.3790278572662,ABBV
2024-11-29,149.24945612886503,ABBV
2024-12-02,150.99948669278848,ABBV
2024-12-03,149.7406870669318,ABBV
2024-12-04,151.86495731894422,ABBV
2024-12-05,152.7165253741675,ABBV
2024-12-06,154.55126670930608,ABBV
2024-12-09,154.90954718406397,ABBV
2024-12-10,156.16394255508584,ABBV
2024-12-11,156.37615194905314,ABBV
2024-12-12,157.76845146542132,ABBV
2024-12-13,159.21622285093625,ABBV
2024-12-16,158.11966607146496,ABBV
2024-12-17,158.97837125589916,ABBV
2024-12-18,157.12648924313402,ABBV
2024-12-19,159.7745655468598,ABBV
2024-12-20,158.21269765334918,ABBV
2024-12-23,157.8963982311118,ABBV
2024-12-24,158.1205392379407,ABBV
2024-12-25,159.07218157280377,ABBV
2024-12-26,159.51760822757618,ABBV
2024-12-27,160.61184246656865,ABBV
2024-12-30,159.96857836216608,ABBV
2024-12-31,162.15280588309713,ABBV
2025-01-01,160.34586470154238,ABBV
2025-01-02,159.9162219765404,ABBV
2025-01-03,160.99521413938334,ABBV
2025-01-06,160.70263994420694,ABBV
2025-01-07,160.8210646267031,ABBV
2025-01-08,163.35104117705208,ABBV
2025-01-09,164.98503129823263,ABBV
2025-01-10,166.73826060535742,ABBV
2025-01-13,169.33370847964449,ABBV
2025-01-14,170.03582196322458,ABBV
2025-01-15,171.96697543564278,ABBV
2025-01-16,170.2613684079095,ABBV
2025-01-17,168.88890839483167,ABBV
2025-01-20,168.99825043433944,ABBV
2025-01-21,171.4271388188139,ABBV
2025-01-22,169.5670805027865,ABBV
2025-01-23,170.23599217779397,ABBV
2025-01-24,169.18500827445268,ABBV
2025-01-27,169.15740623464237,ABBV
2025-01-28,166.64620130180765,ABBV
2025-01-29,167.70940301324043,ABBV
2025-01-30,165.28012933918833,ABBV
2025-01-31,161.66228403165312,ABBV
2025-02-03,161.60712595865283,ABBV
2025-02-04,159.11235486437658,ABBV
2025-02-05,160.50451048846065,ABBV
2025-02-06,160.97881110621063,ABBV
2025-02-07,162.46923382085936,ABBV
2025-02-10,163.18816480477926,ABBV
2025-02-11,163.7232889751582,ABBV
2025-02-12,166.450656782742,ABBV
2025-02-13,167.24935867483845,ABBV
2025-02-14,168.43884522371513,ABBV
2025-02-17,166.27447326148146,ABBV
2025-02-18,168.18902672546983,ABBV
2025-02-19,165.3489155488636,ABBV
2025-02-20,167.0868558787301,ABBV
2025-02-21,168.75780549104024,ABBV
2025-02-24,166.87195379964123,ABBV
2025-02-25,167.6625103069478,ABBV
2025-02-26,170.50492679469448,ABBV
2025-02-27,169.9829024382111,ABBV
2025-02-28,168.9024082346965,ABBV
2025-03-03,168.00848099641243,ABBV
2025-03-04,166.4907619848122,ABBV
2025-03-05,167.0938851252741,ABBV
2025-03-06,167.42599161539948,ABBV
2025-03-07,168.46117167976962,ABBV
2025-03-10,169.13271254418055,ABBV
2025-03-11,170.18857496111315,ABBV
2025-03-12,169.7696874644866,ABBV
2025-03-13,169.2569694934166,ABBV
2025-03-14,170.54598728900567,ABBV
2025-03-17,171.87778830012374,ABBV
2025-03-18,173.75501822947552,ABBV
2025-03-19,175.651599151359,ABBV
2025-03-20,171.75453440286614,ABBV
2025-03-21,173.2278232809828,ABBV
2025-03-24,172.06471747694104,ABBV
2025-03-25,172.19437472979885,ABBV
2025-03-26,173.29972950847204,ABBV
2025-03-27,173.76778637090933,ABBV
2025-03-28,174.79830006299045,ABBV
2025-03-31,175.3879425157598,ABBV
2025-04-01,173.5353363483331,ABBV
2025-04-02,174.624258482866,ABBV
2025-04-03,173.94131394343287,ABBV
2025-04-04,175.57342890540937,ABBV
2025-04-07,177.37186216686737,ABBV
2025-04-08,175.7965811035452,ABBV
2025-04-09,174.77828395767006,ABBV
2025-04-10,177.44582439614365,ABBV
2025-04-11,177.259486446869,ABBV
2025-04-14,178.01442794305342,ABBV
2025-04-15,175.15585424680566,ABBV
2025-04-16,177.17998846219422,ABBV
2025-04-17,175.87576707245145,ABBV
2025-04-18,175.43689292384772,ABBV
2025-04-21,175.26666685309107,ABBV
2025-04-22,174.3795969422024,ABBV
2025-04-23,174.33849759750237,ABBV
2025-04-24,176.3579154448655,ABBV
2025-04-25,175.88054041223572,ABBV
2025-04-28,178.00636891475642,ABBV
2025-04-29,177.84013231967947,ABBV
2025-04-30,177.18740984849623,ABBV
2025-05-01,177.04450009750468,ABBV
2024-01-01,101.30997587216723,BMY
2024-01-02,98.81543546912836,BMY
2024-01-03,99.59740784495057,BMY
2024-01-04,99.42464779322364,BMY
2024-01-05,99.69353527729159,BMY
2024-01-08,99.58723308683048,BMY
2024-01-09,99.99124080848641,BMY
2024-01-10,99.86307050829066,BMY
2024-01-11,99.23242800630621,BMY
2024-01-12,99.30531741024834,BMY
2024-01-15,100.38287682505658,BMY
2024-01-16,100.21802776419572,BMY
2024-01-17,100.27437795556568,BMY
2024-01-18,101.64298101286677,BMY
2024-01-19,100.18489079793748,BMY
2024-01-22,96.64146945642825,BMY
2024-01-23,98.88159255218777,BMY
2024-01-24,96.46471699016865,BMY
2024-01-25,97.70057217242393,BMY
2024-01-26,95.16130399066304,BMY
2024-01-29,97.28365831157849,BMY
2024-01-30,96.73707458724367,BMY
2024-01-31,94.90738298012636,BMY
2024-02-01,97.09075130116886,BMY
2024-02-02,95.826018144815,BMY
2024-02-05,97.70152740413634,BMY
2024-02-06,98.24348588399532,BMY
2024-02-07,97.07695673022732,BMY
2024-02-08,97.9339033314647,BMY
2024-02-09,97.66473526567137,BMY
2024-02-12,96.16179305439351,BMY
2024-02-13,95.98206567315253,BMY
2024-02-14,97.6730119957039,BMY
2024-02-15,97.4196665114546,BMY
2024-02-16,96.65698276810028,BMY
2024-02-19,94.3856038828665,BMY
2024-02-20,93.48842508844153,BMY
2024-02-21,94.25922902349575,BMY
2024-02-22,95.89509616475505,BMY
2024-02-23,97.31953183330734,BMY
2024-02-26,96.0451228985454,BMY
2024-02-27,95.06864855274284,BMY
2024-02-28,96.35800032437511,BMY
2024-02-29,97.4061278660698,BMY
2024-03-01,99.62769088076952,BMY
2024-03-04,99.75276096204239,BMY
2024-03-05,99.9380240325246,BMY
2024-03-06,101.12240211355069,BMY
2024-03-07,99.138070617124,BMY
2024-03-08,99.02908042842976,BMY
2024-03-11,98.24745797016492,BMY
2024-03-12,99.85800333006229,BMY
2024-03-13,100.91376248173383,BMY
2024-03-14,99.18041898651845,BMY
2024-03-15,96.82367826359811,BMY
2024-03-18,95.94036616152597,BMY
2024-03-19,96.11883517629214,BMY
2024-03-20,96.36722693844307,BMY
2024-03-21,101.68114078921708,BMY
2024-03-22,100.14105724085788,BMY
2024-03-25,98.85916852377339,BMY
2024-03-26,98.73885236223023,BMY
2024-03-27,100.86043782690369,BMY
2024-03-28,99.85831330732675,BMY
2024-03-29,96.85880150867006,BMY
2024-04-01,96.50021834979366,BMY
2024-04-02,98.60873545087871,BMY
2024-04-03,95.87613107294851,BMY
2024-04-04,95.8378192464169,BMY
2024-04-05,95.19778028609616,BMY
2024-04-08,90.72953418636439,BMY
2024-04-09,87.50908431838982,BMY
2024-04-10,88.88825311517202,BMY
2024-04-11,88.67694720880061,BMY
2024-04-12,90.56444030712767,BMY
2024-04-15,91.71846976029019,BMY
2024-04-16,90.29485779295288,BMY
2024-04-17,90.18411244265026,BMY
2024-04-18,89.33562293276678,BMY
2024-04-19,87.82535021577392,BMY
2024-04-22,86.72964409342973,BMY
2024-04-23,87.030576125121,BMY
2024-04-24,85.42443009434828,BMY
2024-04-25,82.03786170874898,BMY
2024-04-26,80.00964928691963,BMY
2024-04-29,80.75152822417124,BMY
2024-04-30,80.40986065582987,BMY
2024-05-01,83.03923041806088,BMY
2024-05-02,83.77730787212144,BMY
2024-05-03,83.75024002403079,BMY
2024-05-06,84.08991860697691,BMY
2024-05-07,85.03758022230343,BMY
2024-05-08,83.02469856057081,BMY
2024-05-09,84.0495386523894,BMY
2024-05-10,82.02813391255876,BMY
2024-05-13,82.93227554603496,BMY
2024-05-14,81.70430550160974,BMY
2024-05-15,83.4824385391085,BMY
2024-05-16,83.34562951844295,BMY
2024-05-17,84.03243261986886,BMY
2024-05-20,84.25298617804154,BMY
2024-05-21,84.30872732951907,BMY
2024-05-22,83.08517947324988,BMY
2024-05-23,81.88259282525937,BMY
2024-05-24,81.13575845661474,BMY
2024-05-27,79.9727724445035,BMY
2024-05-28,80.72241259615362,BMY
2024-05-29,80.00282022814744,BMY
2024-05-30,79.77922009776601,BMY
2024-05-31,78.64875024165107,BMY
2024-06-03,80.13820154069985,BMY
2024-06-04,82.56483229127733,BMY
2024-06-05,82.75717564466709,BMY
2024-06-06,82.75068610049769,BMY
2024-06-07,81.0730433744086,BMY
2024-06-10,80.29522437977708,BMY
2024-06-11,80.52854236791899,BMY
2024-06-12,79.1043853453683,BMY
2024-06-13,78.02513233001976,BMY
2024-06-14,78.87661200185913,BMY
2024-06-17,81.98009495327445,BMY
2024-06-18,85.46981499049471,BMY
2024-06-19,84.8855181389505,BMY
2024-06-20,85.86208135337183,BMY
2024-06-21,85.08737853313676,BMY
2024-06-24,86.06210050537268,BMY
2024-06-25,83.96800816596435,BMY
2024-06-26,84.76162564025165,BMY
2024-06-27,86.10314008572237,BMY
2024-06-28,88.55977575660467,BMY
2024-07-01,85.65728920982795,BMY
2024-07-02,86.49530816811985,BMY
2024-07-03,87.99051951947891,BMY
2024-07-04,86.89953055114334,BMY
2024-07-05,87.33305884672887,BMY
2024-07-08,86.56286191333356,BMY
2024-07-09,86.39945194095377,BMY
2024-07-10,84.05948794762134,BMY
2024-07-11,84.94071179962081,BMY
2024-07-12,85.20023734648875,BMY
2024-07-15,86.30278290573996,BMY
2024-07-16,87.76840174713077,BMY
2024-07-17,89.37644916420042,BMY
2024-07-18,91.0119149439272,BMY
2024-07-19,90.94364327744094,BMY
2024-07-22,90.71629320628877,BMY
2024-07-23,91.06495381249606,BMY
2024-07-24,90.68833465691553,BMY
2024-07-25,90.3595135011745,BMY
2024-07-26,92.19647138583167,BMY
2024-07-29,94.07309630238876,BMY
2024-07-30,96.22715632517027,BMY
2024-07-31,97.22925868344153,BMY
2024-08-01,95.23840400788355,BMY
2024-08-02,95.15331719852087,BMY
2024-08-05,96.6786114589145,BMY
2024-08-06,94.89868839877984,BMY
2024-08-07,93.34755182161038,BMY
2024-08-08,94.74017989408269,BMY
2024-08-09,96.83187575323943,BMY
2024-08-12,96.62478831882312,BMY
2024-08-13,94.97893470145894,BMY
2024-08-14,96.37835893083242,BMY
2024-08-15,96.99801737176803,BMY
2024-08-16,95.66838009555784,BMY
2024-08-19,94.11181086676133,BMY
2024-08-20,94.64078928991651,BMY
2024-08-21,93.57684842131869,BMY
2024-08-22,92.67244786571162,BMY
2024-08-23,90.53954762517233,BMY
2024-08-26,92.99500509217447,BMY
2024-08-27,97.14213793363247,BMY
2024-08-28,96.73576029916848,BMY
2024-08-29,95.98160200005296,BMY
2024-08-30,96.08111019461496,BMY
2024-09-02,96.81259409452782,BMY
2024-09-03,96.86034240843482,BMY
2024-09-04,97.07311868915612,BMY
2024-09-05,99.60106455561039,BMY
2024-09-06,99.7035464974913,BMY
2024-09-09,99.26851895831088,BMY
2024-09-10,100.59654362301065,BMY
2024-09-11,100.88570572282022,BMY
2024-09-12,104.17949252899757,BMY
2024-09-13,103.04478561081716,BMY
2024-09-16,102.02020688846834,BMY
2024-09-17,101.72931620126565,BMY
2024-09-18,100.60572012362425,BMY
2024-09-19,101.57387735249822,BMY
2024-09-20,100.15323349290112,BMY
2024-09-23,98.58025750583616,BMY
2024-09-24,101.79302641318255,BMY
2024-09-25,101.3451137173338,BMY
2024-09-26,100.88203712411732,BMY
2024-09-27,100.32422123612041,BMY
2024-09-30,99.40108916210097,BMY
2024-10-01,98.79173375846042,BMY
2024-10-02,99.52147882459414,BMY
2024-10-03,99.97905625355477,BMY
2024-10-04,98.88747525048895,BMY
2024-10-07,98.6512067690485,BMY
2024-10-08,102.65985407218263,BMY
2024-10-09,100.35715418273611,BMY
2024-10-10,98.732215976204,BMY
2024-10-11,101.1049394685463,BMY
2024-10-14,103.09554359309128,BMY
2024-10-15,102.02622361611581,BMY
2024-10-16,100.35419622379624,BMY
2024-10-17,99.79752258945712,BMY
2024-10-18,98.12967677412567,BMY
2024-10-21,96.94435603794457,BMY
2024-10-22,96.53489504938588,BMY
2024-10-23,98.37684755094658,BMY
2024-10-24,99.33792124948906,BMY
2024-10-25,99.11734779487047,BMY
2024-10-28,98.39480600404862,BMY
2024-10-29,99.26183882131733,BMY
2024-10-30,96.01732880704363,BMY
2024-10-31,96.10003483987688,BMY
2024-11-01,97.650498427957,BMY
2024-11-04,98.65378749862005,BMY
2024-11-05,98.9169752716518,BMY
2024-11-06,96.89988629036478,BMY
2024-11-07,95.87262765795668,BMY
2024-11-08,98.34411203006174,BMY
2024-11-11,98.2395326029863,BMY
2024-11-12,97.17890210836417,BMY
2024-11-13,98.29595841564304,BMY
2024-11-14,99.32210179576597,BMY
2024-11-15,102.35060245249788,BMY
2024-11-18,103.4676931657766,BMY
2024-11-19,102.56904742926895,BMY
2024-11-20,103.32442292799868,BMY
2024-11-21,105.47694881495943,BMY
2024-11-22,103.91076730851564,BMY
2024-11-25,102.93405982070352,BMY
2024-11-26,101.50454711735131,BMY
2024-11-27,103.15039933800604,BMY
2024-11-28,103.19769584669511,BMY
2024-11-29,105.00222342943681,BMY
2024-12-02,104.70290039113051,BMY
2024-12-03,104.93499350972299,BMY
2024-12-04,105.84637926829484,BMY
2024-12-05,107.29794731085263,BMY
2024-12-06,109.2086992545049,BMY
2024-12-09,110.29862789934339,BMY
2024-12-10,107.41716284501403,BMY
2024-12-11,108.68321809762244,BMY
2024-12-12,107.07240479824155,BMY
2024-12-13,106.71670977477726,BMY
2024-12-16,106.94695446129138,BMY
2024-12-17,105.58249162826992,BMY
2024-12-18,104.16076597793754,BMY
2024-12-19,105.29917699139287,BMY
2024-12-20,104.87471104243089,BMY
2024-12-23,106.2649522942059,BMY
2024-12-24,106.42458135351933,BMY
2024-12-25,103.63356963829428,BMY
2024-12-26,103.88928201998438,BMY
2024-12-27,101.80145045498978,BMY
2024-12-30,100.96215752053689,BMY
2024-12-31,101.46144640800671,BMY
2025-01-01,101.79673197019929,BMY
2025-01-02,101.60609468958363,BMY
2025-01-03,101.78791407568986,BMY
2025-01-06,102.15487863310437,BMY
2025-01-07,100.96967586877335,BMY
2025-01-08,100.35463168350857,BMY
2025-01-09,99.51551005512185,BMY
2025-01-10,101.67061059228664,BMY
2025-01-13,100.77151427751176,BMY
2025-01-14,101.43882218560378,BMY
2025-01-15,103.78336841708386,BMY
2025-01-16,105.1382697992553,BMY
2025-01-17,105.20710708968915,BMY
2025-01-20,106.35715277382813,BMY
2025-01-21,104.41890210104808,BMY
2025-01-22,103.33792263431556,BMY
2025-01-23,102.27700878330769,BMY
2025-01-24,102.29391152457998,BMY
2025-01-27,101.7104361800562,BMY
2025-01-28,100.54885808019644,BMY
2025-01-29,104.45357986335377,BMY
2025-01-30,104.20879111477305,BMY
2025-01-31,104.07636458338584,BMY
2025-02-03,103.9549053847882,BMY
2025-02-04,105.00133363244971,BMY
2025-02-05,105.62249308035545,BMY
2025-02-06,106.60624113310418,BMY
2025-02-07,106.5793052386093,BMY
2025-02-10,107.10855643134215,BMY
2025-02-11,103.92597641805833,BMY
2025-02-12,104.85044212009657,BMY
2025-02-13,104.9951732344188,BMY
2025-02-14,103.75136090425428,BMY
2025-02-17,104.85686992424137,BMY
2025-02-18,102.87077457197267,BMY
2025-02-19,105.03747621588828,BMY
2025-02-20,104.33650097770528,BMY
2025-02-21,103.07097812096356,BMY
2025-02-24,102.3635197957328,BMY
2025-02-25,101.87324346990543,BMY
2025-02-26,100.94085746465436,BMY
2025-02-27,100.86672943016272,BMY
2025-02-28,102.5725674877758,BMY
2025-03-03,104.17404958304473,BMY
2025-03-04,104.57517647221836,BMY
2025-03-05,106.48635523734895,BMY
2025-03-06,109.05613783078327,BMY
2025-03-07,106.35252449109936,BMY
2025-03-10,106.53524367426785,BMY
2025-03-11,103.94970901247027,BMY
2025-03-12,105.79754916043119,BMY
2025-03-13,107.1691687037299,BMY
2025-03-14,105.92845814411154,BMY
2025-03-17,108.45678077111718,BMY
2025-03-18,107.92914505591979,BMY
2025-03-19,110.07143426760207,BMY
2025-03-20,106.85009926174057,BMY
2025-03-21,106.66386408864193,BMY
2025-03-24,107.50924201043212,BMY
2025-03-25,106.26239799988107,BMY
2025-03-26,106.84373263711569,BMY
2025-03-27,104.5977304348279,BMY
2025-03-28,104.29745712336988,BMY
2025-03-31,106.36862162514012,BMY
2025-04-01,109.36564633139649,BMY
2025-04-02,109.4931072268233,BMY
2025-04-03,110.62819961496007,BMY
2025-04-04,110.82604963203309,BMY
2025-04-07,111.23029217739818,BMY
2025-04-08,111.70507538582869,BMY
2025-04-09,108.81181144589802,BMY
2025-04-10,107.68222847695532,BMY
2025-04-11,105.38471855024423,BMY
2025-04-14,103.68784530254825,BMY
2025-04-15,103.88152558224171,BMY
2025-04-16,102.92157261674213,BMY
2025-04-17,102.73622764021985,BMY
2025-04-18,101.74402873277862,BMY
2025-04-21,101.90077313506737,BMY
2025-04-22,103.55186291057396,BMY
2025-04-23,105.8630453795931,BMY
2025-04-24,105.64085618185455,BMY
2025-04-25,108.67322858944425,BMY
2025-04-28,108.40003140199495,BMY
2025-04-29,109.69734129507465,BMY
2025-04-30,108.24501436092183,BMY
2025-05-01,107.06810986320241,BMY
2024-01-01,99.45352250964343,GE
2024-01-02,99.15573911124139,GE
2024-01-03,99.45640017766573,GE
2024-01-04,100.09911858015059,GE
2024-01-05,100.53846312915124,GE
2024-01-08,99.82666840910765,GE
2024-01-09,102.62634671289983,GE
2024-01-10,101.7176567635963,GE
2024-01-11,100.4043927472487,GE
2024-01-12,98.91663666144692,GE
2024-01-15,96.85377893362046,GE
2024-01-16,96.35298559232092,GE
2024-01-17,97.86303116322136,GE
2024-01-18,97.30828504157608,GE
2024-01-19,96.13303896140981,GE
2024-01-22,94.8065706918051,GE
2024-01-23,95.4897739901606,GE
2024-01-24,95.88191917792794,GE
2024-01-25,96.70603862429478,GE
2024-01-26,96.33224876529796,GE
2024-01-29,95.08221642830975,GE
2024-01-30,94.83539220673681,GE
2024-01-31,95.72196283717656,GE
2024-02-01,95.11083228527598,GE
2024-02-02,95.07580323193292,GE
2024-02-05,97.0272101633977,GE
2024-02-06,96.17589180835277,GE
2024-02-07,93.91268901900192,GE
2024-02-08,94.11624939977284,GE
2024-02-09,93.48217118519256,GE
2024-02-12,95.97523694123052,GE
2024-02-13,92.93433811164365,GE
2024-02-14,93.84092209341873,GE
2024-02-15,91.50329419002432,GE
2024-02-16,91.96962198478673,GE
2024-02-19,91.66868749932912,GE
2024-02-20,91.00328018624685,GE
2024-02-21,90.25643448788875,GE
2024-02-22,91.35551190482632,GE
2024-02-23,91.12174624281033,GE
2024-02-26,90.99134793064987,GE
2024-02-27,92.64997169490542,GE
2024-02-28,94.38940389675334,GE
2024-02-29,96.10420552596946,GE
2024-03-01,93.68013717656916,GE
2024-03-04,94.57199037866197,GE
2024-03-05,97.13033534781356,GE
2024-03-06,95.67834322665766,GE
2024-03-07,98.08090871880454,GE
2024-03-08,98.07873708751828,GE
2024-03-11,99.6527655133164,GE
2024-03-12,98.35006965891156,GE
2024-03-13,97.6553141918707,GE
2024-03-14,98.107255678703,GE
2024-03-15,99.73892665145273,GE
2024-03-18,100.37167569118479,GE
2024-03-19,100.63589705223339,GE
2024-03-20,98.56139637572518,GE
2024-03-21,99.37381056952961,GE
2024-03-22,99.8581286365239,GE
2024-03-25,101.52161873221341,GE
2024-03-26,101.53053984358733,GE
2024-03-27,100.28952815676718,GE
2024-03-28,99.55635600894246,GE
2024-03-29,100.07606691019265,GE
2024-04-01,100.36282393207512,GE
2024-04-02,99.94832448653999,GE
2024-04-03,98.23870255701802,GE
2024-04-04,98.73777278507166,GE
2024-04-05,95.80686668076122,GE
2024-04-08,97.7672917932733,GE
2024-04-09,98.34894379488543,GE
2024-04-10,96.18668907942269,GE
2024-04-11,95.2689737375744,GE
2024-04-12,94.37263626439857,GE
2024-04-15,97.39673539842113,GE
2024-04-16,97.20458881976471,GE
2024-04-17,97.4462093615918,GE
2024-04-18,100.06249728915212,GE
2024-04-19,100.17492071811333,GE
2024-04-22,99.84392549409044,GE
2024-04-23,98.41762414577917,GE
2024-04-24,99.52679932193375,GE
2024-04-25,99.05302837986983,GE
2024-04-26,99.74351908321611,GE
2024-04-29,97.70867115795238,GE
2024-04-30,97.8688483590061,GE
2024-05-01,96.07012941382507,GE
2024-05-02,94.59280843713286,GE
2024-05-03,97.68710743210653,GE
2024-05-06,96.32466065057282,GE
2024-05-07,98.01990554209247,GE
2024-05-08,96.3443597645032,GE
2024-05-09,95.67640699009196,GE
2024-05-10,95.02822200247948,GE
2024-05-13,95.98031234302746,GE
2024-05-14,98.40067131986785,GE
2024-05-15,101.37256926045845,GE
2024-05-16,101.29334665969283,GE
2024-05-17,98.61694087876386,GE
2024-05-20,99.78932977865277,GE
2024-05-21,98.90022612832362,GE
2024-05-22,99.59034191897912,GE
2024-05-23,99.26834482143742,GE
2024-05-24,97.71970836845328,GE
2024-05-27,98.74691720898208,GE
2024-05-28,98.28474346759651,GE
2024-05-29,97.33135809413729,GE
2024-05-30,101.32949687093053,GE
2024-05-31,101.70129447654833,GE
2024-06-03,100.34963111538032,GE
2024-06-04,101.64021561230972,GE
2024-06-05,100.47037790419816,GE
2024-06-06,103.44587695242961,GE
2024-06-07,104.28905581291089,GE
2024-06-10,102.3650071115543,GE
2024-06-11,102.49779504331751,GE
2024-06-12,102.43802127223888,GE
2024-06-13,99.62455397879334,GE
2024-06-14,103.09529212106152,GE
2024-06-17,101.7408452113189,GE
2024-06-18,101.16699754148362,GE
2024-06-19,100.24136659799761,GE
2024-06-20,100.56199019865846,GE
2024-06-21,102.6805309855384,GE
2024-06-24,104.40374146419047,GE
2024-06-25,103.47165034886558,GE
2024-06-26,106.54234658018913,GE
2024-06-27,108.41287903117183,GE
2024-06-28,104.63491313890947,GE
2024-07-01,104.82711695400059,GE
2024-07-02,104.49678561395035,GE
2024-07-03,103.75609293880022,GE
2024-07-04,103.59163113031677,GE
2024-07-05,103.15160220539876,GE
2024-07-08,104.25683378517864,GE
2024-07-09,105.51988832217721,GE
2024-07-10,103.70360565175957,GE
2024-07-11,103.80785918125315,GE
2024-07-12,102.03875563800463,GE
2024-07-15,103.89369583300616,GE
2024-07-16,104.08132677150007,GE
2024-07-17,105.21876504056101,GE
2024-07-18,103.33719836859875,GE
2024-07-19,102.67767229391741,GE
2024-07-22,100.80274583175178,GE
2024-07-23,98.16835648072487,GE
2024-07-24,98.7115625220562,GE
2024-07-25,98.92740034853193,GE
2024-07-26,99.22839467526572,GE
2024-07-29,97.81948094622861,GE
2024-07-30,98.0172825568636,GE
2024-07-31,97.5895833979393,GE
2024-08-01,98.31468757401338,GE
2024-08-02,97.62976868152997,GE
2024-08-05,94.74250104506449,GE
2024-08-06,95.7426062634236,GE
2024-08-07,97.16411407849137,GE
2024-08-08,97.94054396972548,GE
2024-08-09,95.97880326983046,GE
2024-08-12,94.99617411577455,GE
2024-08-13,95.11097914418775,GE
2024-08-14,96.53757303388734,GE
2024-08-15,94.30620095678867,GE
2024-08-16,95.75198485037754,GE
2024-08-19,97.950345939912,GE
2024-08-20,97.2294869232546,GE
2024-08-21,98.35178906569529,GE
2024-08-22,97.7711307116655,GE
2024-08-23,99.04216023355136,GE
2024-08-26,98.81410933546609,GE
2024-08-27,99.76771230632278,GE
2024-08-28,99.38583577353528,GE
2024-08-29,98.81823657078107,GE
2024-08-30,99.14349338695956,GE
2024-09-02,99.77546785999321,GE
2024-09-03,100.04544305358426,GE
2024-09-04,100.94994414513681,GE
2024-09-05,103.16251277096961,GE
2024-09-06,101.87155084953388,GE
2024-09-09,100.8919251254561,GE
2024-09-10,101.11216856938938,GE
2024-09-11,100.10504513552662,GE
2024-09-12,100.86759974271209,GE
2024-09-13,98.46148322057745,GE
2024-09-16,100.34528141168734,GE
2024-09-17,98.5542864749011,GE
2024-09-18,96.43286163281341,GE
2024-09-19,94.5869382097155,GE
2024-09-20,92.67500917180084,GE
2024-09-23,92.13199651757283,GE
2024-09-24,95.3714847321156,GE
2024-09-25,97.70938458007174,GE
2024-09-26,97.91060010685139,GE
2024-09-27,101.8684925976694,GE
2024-09-30,101.75489220793193,GE
2024-10-01,98.44200988367011,GE
2024-10-02,99.54722507997819,GE
2024-10-03,99.35142016795321,GE
2024-10-04,99.31430036616538,GE
2024-10-07,99.36449873489205,GE
2024-10-08,97.18935419636183,GE
2024-10-09,95.52348960287989,GE
2024-10-10,96.74710942380986,GE
2024-10-11,98.28145152741138,GE
2024-10-14,100.00399621553736,GE
2024-10-15,100.22642628316933,GE
2024-10-16,99.43571765740133,GE
2024-10-17,99.38702334159895,GE
2024-10-18,100.67459745725036,GE
2024-10-21,101.73831541031898,GE
2024-10-22,104.44942527271529,GE
2024-10-23,104.22027397648483,GE
2024-10-24,103.64892102025611,GE
2024-10-25,105.21048834797323,GE
2024-10-28,104.87639106002888,GE
2024-10-29,107.05103852120662,GE
2024-10-30,107.22024552714679,GE
2024-10-31,105.97594276456196,GE
2024-11-01,103.01852215094591,GE
2024-11-04,104.20669974540284,GE
2024-11-05,106.32409655424391,GE
2024-11-06,106.43894661842843,GE
2024-11-07,105.48078358590828,GE
2024-11-08,106.22232171770841,GE
2024-11-11,109.41349676123002,GE
2024-11-12,106.90021152998095,GE
2024-11-13,107.12313537757308,GE
2024-11-14,106.05621109597197,GE
2024-11-15,105.91741482001639,GE
2024-11-18,104.29625251581989,GE
2024-11-19,104.52654896449269,GE
2024-11-20,103.86716722174484,GE
2024-11-21,105.49895079426305,GE
2024-11-22,105.50179302436828,GE
2024-11-25,105.24924778282434,GE
2024-11-26,106.85652737546124,GE
2024-11-27,107.95524297559241,GE
2024-11-28,106.71204193685402,GE
2024-11-29,106.5296957461202,GE
2024-12-02,103.76566250470806,GE
2024-12-03,104.87474709382148,GE
2024-12-04,102.37764651379092,GE
2024-12-05,101.25441158087969,GE
2024-12-06,101.95919201941217,GE
2024-12-09,102.98679549346687,GE
2024-12-10,102.85066081481436,GE
2024-12-11,101.68270417754574,GE
2024-12-12,101.7844947861981,GE
2024-12-13,104.3351442699839,GE
2024-12-16,104.90406452260885,GE
2024-12-17,104.42740724169508,GE
2024-12-18,106.15012594626855,GE
2024-12-19,107.30768829803561,GE
2024-12-20,106.75349859251224,GE
2024-12-23,106.79873634011139,GE
2024-12-24,104.47074639161421,GE
2024-12-25,102.26444399014527,GE
2024-12-26,101.40809257519454,GE
2024-12-27,100.3734062991825,GE
2024-12-30,98.47372810505908,GE
2024-12-31,97.76019527416707,GE
2025-01-01,98.25111746702315,GE
2025-01-02,99.97940602596933,GE
2025-01-03,101.11186848037411,GE
2025-01-06,99.33404828914128,GE
2025-01-07,96.55212787883268,GE
2025-01-08,95.48034039315331,GE
2025-01-09,95.62882622200303,GE
2025-01-10,95.67497971336738,GE
2025-01-13,95.58760845559036,GE
2025-01-14,94.94340763085701,GE
2025-01-15,95.73327260509153,GE
2025-01-16,95.65657606663542,GE
2025-01-17,95.99957227142653,GE
2025-01-20,95.76850004667257,GE
2025-01-21,95.94023398871849,GE
2025-01-22,96.72988306854765,GE
2025-01-23,98.5504160963269,GE
2025-01-24,100.37864059534851,GE
2025-01-27,100.81182266972559,GE
2025-01-28,100.5869975983909,GE
2025-01-29,100.53385237234787,GE
2025-01-30,102.16075266817381,GE
2025-01-31,102.16485407638417,GE
2025-02-03,104.67413941177551,GE
2025-02-04,105.39588447449611,GE
2025-02-05,104.7194683495234,GE
2025-02-06,104.46094474268405,GE
2025-02-07,104.91668865098458,GE
2025-02-10,104.62982112354382,GE
2025-02-11,104.98067722433613,GE
2025-02-12,106.31365143860843,GE
2025-02-13,108.35495354000643,GE
2025-02-14,106.14476834515366,GE
2025-02-17,105.90037318694233,GE
2025-02-18,105.65208553618028,GE
2025-02-19,105.68882346596794,GE
2025-02-20,105.34963597638085,GE
2025-02-21,105.9307275664258,GE
2025-02-24,106.95060695314761,GE
2025-02-25,110.39570106121784,GE
2025-02-26,110.62548346613737,GE
2025-02-27,111.76487184715714,GE
2025-02-28,114.94428214166277,GE
2025-03-03,113.74099738127038,GE
2025-03-04,113.36825638182958,GE
2025-03-05,111.98717696243605,GE
2025-03-06,112.62439707915148,GE
2025-03-07,113.22231462763062,GE
2025-03-10,114.40285303705517,GE
2025-03-11,118.4741236164277,GE
2025-03-12,118.15327788634224,GE
2025-03-13,116.32552299217063,GE
2025-03-14,117.729462674467,GE
2025-03-17,118.10096132556227,GE
2025-03-18,120.08347938884972,GE
2025-03-19,119.6647423572536,GE
2025-03-20,117.5108349247738,GE
2025-03-21,118.27107192177392,GE
2025-03-24,116.77387289406433,GE
2025-03-25,119.11513795371334,GE
2025-03-26,120.01411123216133,GE
2025-03-27,118.48506628026453,GE
2025-03-28,116.7011069781261,GE
2025-03-31,120.64913487014691,GE
2025-04-01,120.81742717531208,GE
2025-04-02,119.04012541467759,GE
2025-04-03,118.78333904089027,GE
2025-04-04,120.37242110370735,GE
2025-04-07,121.80305902297779,GE
2025-04-08,121.21699896649179,GE
2025-04-09,121.0147141571488,GE
2025-04-10,121.88143471662094,GE
2025-04-11,121.428120709827,GE
2025-04-14,122.26958995450825,GE
2025-04-15,125.57747774406342,GE
2025-04-16,122.0799909863691,GE
2025-04-17,123.0402395638904,GE
2025-04-18,122.53455493177098,GE
2025-04-21,122.795826162123,GE
2025-04-22,123.06638980315296,GE
2025-04-23,123.62448681265694,GE
2025-04-24,124.3990126428894,GE
2025-04-25,125.10083825853447,GE
2025-04-28,126.03514511346275,GE
2025-04-29,126.54502034667003,GE
2025-04-30,127.30282857142748,GE
2025-05-01,127.90286889214566,GE
2024-01-01,99.92752027222575,BA
2024-01-02,100.20890593845547,BA
2024-01-03,100.83514579203565,BA
2024-01-04,104.23002615110623,BA
2024-01-05,104.54355455794193,BA
2024-01-08,106.7389259675165,BA
2024-01-09,107.15511876116297,BA
2024-01-10,108.2521456609928,BA
2024-01-11,106.10934831980323,BA
2024-01-12,106.73403283967363,BA
2024-01-15,107.55595433400114,BA
2024-01-16,108.4678914311991,BA
2024-01-17,109.57251613715704,BA
2024-01-18,110.41395250814541,BA
2024-01-19,110.30449706546962,BA
2024-01-22,108.10795625223646,BA
2024-01-23,108.05160975087405,BA
2024-01-24,109.13539016984129,BA
2024-01-25,107.45527616077214,BA
2024-01-26,107.16561592496537,BA
2024-01-29,107.87602600552017,BA
2024-01-30,110.110950456124,BA
2024-01-31,110.92618718149366,BA
2024-02-01,111.18588953994936,BA
2024-02-02,111.12518987656583,BA
2024-02-05,110.04358178151229,BA
2024-02-06,110.1021080529475,BA
2024-02-07,109.45581123779961,BA
2024-02-08,109.01860560796815,BA
2024-02-09,106.87090831013798,BA
2024-02-12,105.11298152685357,BA
2024-02-13,104.5542344800538,BA
2024-02-14,104.60174571039417,BA
2024-02-15,102.50471979920586,BA
2024-02-16,101.0535404669001,BA
2024-02-19,100.13031463400876,BA
2024-02-20,98.33313745874588,BA
2024-02-21,98.2763597190468,BA
2024-02-22,97.65998863091093,BA
2024-02-23,97.49692303529514,BA
2024-02-26,99.45735584438886,BA
2024-02-27,102.71149954827146,BA
2024-02-28,103.08512765823637,BA
2024-02-29,100.52229596461144,BA
2024-03-01,103.4989007004129,BA
2024-03-04,102.65797314680682,BA
2024-03-05,101.36212465020336,BA
2024-03-06,101.26816787816475,BA
2024-03-07,99.26089252355912,BA
2024-03-08,98.42362994903732,BA
2024-03-11,101.66432065150269,BA
2024-03-12,101.06295856995544,BA
2024-03-13,102.2136159983338,BA
2024-03-14,105.12939973052748,BA
2024-03-15,104.12498682233928,BA
2024-03-18,101.89103691962048,BA
2024-03-19,103.82553548034124,BA
2024-03-20,103.42359150088734,BA
2024-03-21,102.13925394169064,BA
2024-03-22,102.24756938579381,BA
2024-03-25,103.10786353584838,BA
2024-03-26,100.32937600343331,BA
2024-03-27,98.20616432633159,BA
2024-03-28,97.00721619056743,BA
2024-03-29,98.64680829463703,BA
2024-04-01,98.4127016901939,BA
2024-04-02,98.49813041515232,BA
2024-04-03,98.48030058206093,BA
2024-04-04,98.89608935687009,BA
2024-04-05,101.20069735872836,BA
2024-04-08,102.28899310305817,BA
2024-04-09,102.51033574845596,BA
2024-04-10,101.8085854938684,BA
2024-04-11,102.46683760271509,BA
2024-04-12,104.81112180395405,BA
2024-04-15,104.76706543612049,BA
2024-04-16,106.17452506954267,BA
2024-04-17,102.23490190222893,BA
2024-04-18,101.8250550352979,BA
2024-04-19,102.05435767132072,BA
2024-04-22,103.13673323984925,BA
2024-04-23,104.29635223627257,BA
2024-04-24,105.64988653117072,BA
2024-04-25,108.00099976476875,BA
2024-04-26,108.37002116869995,BA
2024-04-29,109.12117964658746,BA
2024-04-30,109.47585613603057,BA
2024-05-01,110.02234046569313,BA
2024-05-02,109.7126806734467,BA
2024-05-03,110.33134255490914,BA
2024-05-06,110.95282890407626,BA
2024-05-07,109.53080753960697,BA
2024-05-08,107.83449554614538,BA
2024-05-09,104.39784001809062,BA
2024-05-10,104.04031690479455,BA
2024-05-13,104.5023408278327,BA
2024-05-14,105.65519579432487,BA
2024-05-15,107.85456398703462,BA
2024-05-16,107.89420425191386,BA
2024-05-17,108.46015925430787,BA
2024-05-20,107.34766611408159,BA
2024-05-21,107.15905231736363,BA
2024-05-22,107.28695395614008,BA
2024-05-23,107.39410163420862,BA
2024-05-24,106.88419184386169,BA
2024-05-27,105.89107909894324,BA
2024-05-28,107.8331133297639,BA
2024-05-29,107.82813057875548,BA
2024-05-30,108.02075271619398,BA
2024-05-31,108.45248585003577,BA
2024-06-03,107.46133180275207,BA
2024-06-04,107.9972889607216,BA
2024-06-05,106.4956828423472,BA
2024-06-06,105.34325158764331,BA
2024-06-07,105.8216016976155,BA
2024-06-10,106.25977115293223,BA
2024-06-11,109.05995608299389,BA
2024-06-12,110.47939020150577,BA
2024-06-13,111.2654245148874,BA
2024-06-14,112.06859810507322,BA
2024-06-17,113.41819224833253,BA
2024-06-18,111.80814360001668,BA
2024-06-19,112.86174888546442,BA
2024-06-20,113.52958055434335,BA
2024-06-21,113.72377620696376,BA
2024-06-24,114.3014482327408,BA
2024-06-25,116.4238151820006,BA
2024-06-26,114.43075730744512,BA
2024-06-27,114.62166931624037,BA
2024-06-28,113.66594584431407,BA
2024-07-01,112.06251930900132,BA
2024-07-02,110.19059389232464,BA
2024-07-03,114.04357503482125,BA
2024-07-04,110.49786811996279,BA
2024-07-05,109.08955209045683,BA
2024-07-08,109.47021611621136,BA
2024-07-09,107.28691874963596,BA
2024-07-10,109.96062436954253,BA
2024-07-11,110.90028046546881,BA
2024-07-12,113.1437551225494,BA
2024-07-15,112.74447701984096,BA
2024-07-16,114.73320761764077,BA
2024-07-17,113.5391408612454,BA
2024-07-18,115.37841984747459,BA
2024-07-19,115.13982773418823,BA
2024-07-22,116.82852377196102,BA
2024-07-23,117.79070665602298,BA
2024-07-24,118.71486305637363,BA
2024-07-25,120.90842153721707,BA
2024-07-26,123.49635844653832,BA
2024-07-29,123.02001106630607,BA
2024-07-30,122.19666372463858,BA
2024-07-31,119.43713122280295,BA
2024-08-01,118.8728728474062,BA
2024-08-02,117.5639308246189,BA
2024-08-05,114.68450639447565,BA
2024-08-06,114.94114011271279,BA
2024-08-07,116.73394107821576,BA
2024-08-08,115.146255545892,BA
2024-08-09,115.7906929983997,BA
2024-08-12,112.2403928620005,BA
2024-08-13,113.14652339880463,BA
2024-08-14,114.09155377450524,BA
2024-08-15,112.86086497517799,BA
2024-08-16,111.7757302783597,BA
2024-08-19,112.0827370224422,BA
2024-08-20,112.36183997694778,BA
2024-08-21,112.26561025824276,BA
2024-08-22,111.96373112696635,BA
2024-08-23,115.77918662536253,BA
2024-08-26,114.18821002452675,BA
2024-08-27,115.10943449449022,BA
2024-08-28,115.18918772902708,BA
2024-08-29,120.05980409212594,BA
2024-08-30,120.69204052782294,BA
2024-09-02,120.89111644641328,BA
2024-09-03,120.5384196139949,BA
2024-09-04,122.85510379114456,BA
2024-09-05,124.27102202178372,BA
2024-09-06,125.24650050898117,BA
2024-09-09,126.99376059554751,BA
2024-09-10,127.42829885244561,BA
2024-09-11,128.38818807784148,BA
2024-09-12,123.9973590638493,BA
2024-09-13,124.20897200898325,BA
2024-09-16,122.53861302135469,BA
2024-09-17,123.07319321367848,BA
2024-09-18,121.72053768320468,BA
2024-09-19,122.48067352274727,BA
2024-09-20,117.78884756855993,BA
2024-09-23,117.26933179882005,BA
2024-09-24,117.73133609587106,BA
2024-09-25,116.04521381821749,BA
2024-09-26,116.01809658265367,BA
2024-09-27,116.98431801395078,BA
2024-09-30,116.55460790740821,BA
2024-10-01,118.7927433335882,BA
2024-10-02,117.71974872630024,BA
2024-10-03,118.46418541032185,BA
2024-10-04,120.31949441330633,BA
2024-10-07,119.3761363153278,BA
2024-10-08,120.64180374572749,BA
2024-10-09,120.1086962972726,BA
2024-10-10,119.0480134040428,BA
2024-10-11,119.27343644390629,BA
2024-10-14,117.52369014629767,BA
2024-10-15,116.99254380880907,BA
2024-10-16,115.60952523005822,BA
2024-10-17,114.81083386911948,BA
2024-10-18,115.6992188253123,BA
2024-10-21,119.43459523836165,BA
2024-10-22,119.74024412017002,BA
2024-10-23,117.679750256335,BA
2024-10-24,116.48522404277699,BA
2024-10-25,117.20217594308676,BA
2024-10-28,116.79345172028286,BA
2024-10-29,116.85511076622505,BA
2024-10-30,119.94155251895953,BA
2024-10-31,118.72289726064193,BA
2024-11-01,119.00532074473446,BA
2024-11-04,118.5201471420724,BA
2024-11-05,119.55406514295936,BA
2024-11-06,118.47838423427855,BA
2024-11-07,117.11862443325298,BA
2024-11-08,118.57093948202635,BA
2024-11-11,118.00369635861306,BA
2024-11-12,117.56307997939443,BA
2024-11-13,117.73889466673033,BA
2024-11-14,116.6198991139133,BA
2024-11-15,117.73715776857904,BA
2024-11-18,117.87962254409443,BA
2024-11-19,117.72485195962979,BA
2024-11-20,115.5725727420139,BA
2024-11-21,117.71324833764503,BA
2024-11-22,118.48050564025041,BA
2024-11-25,118.72455791643051,BA
2024-11-26,119.28887892506864,BA
2024-11-27,119.10614719317431,BA
2024-11-28,118.62930387071512,BA
2024-11-29,119.94436103728611,BA
2024-12-02,120.93045088841738,BA
2024-12-03,120.334830937057,BA
2024-12-04,118.76395411588706,BA
2024-12-05,116.86411285546683,BA
2024-12-06,118.39039804649599,BA
2024-12-09,118.0141681765161,BA
2024-12-10,118.70257537023286,BA
2024-12-11,119.00945394652265,BA
2024-12-12,121.92705087194263,BA
2024-12-13,122.95761215007197,BA
2024-12-16,120.10469798306723,BA
2024-12-17,121.78070510386073,BA
2024-12-18,119.10179054154649,BA
2024-12-19,121.2486116258369,BA
2024-12-20,122.51197183956106,BA
2024-12-23,122.57144013029836,BA
2024-12-24,123.3396726290911,BA
2024-12-25,122.98555116828634,BA
2024-12-26,125.44371934096046,BA
2024-12-27,124.75859979499097,BA
2024-12-30,126.87410612410423,BA
2024-12-31,126.61121496381759,BA
2025-01-01,127.7489424136266,BA
2025-01-02,128.38610781456316,BA
2025-01-03,129.96827350744644,BA
2025-01-06,132.44192412651233,BA
2025-01-07,135.8040345718539,BA
2025-01-08,134.0229899309897,BA
2025-01-09,134.9745296736218,BA
2025-01-10,137.38408448897266,BA
2025-01-13,137.06640188757348,BA
2025-01-14,136.26984863197927,BA
2025-01-15,136.1800016309897,BA
2025-01-16,135.6356723992435,BA
2025-01-17,135.10036479516108,BA
2025-01-20,134.55594725912698,BA
2025-01-21,136.17249417554297,BA
2025-01-22,135.2390326077828,BA
2025-01-23,135.67664200415658,BA
2025-01-24,135.37721347542953,BA
2025-01-27,139.85092328908615,BA
2025-01-28,138.7279500285772,BA
2025-01-29,139.21957303231113,BA
2025-01-30,139.85615738933174,BA
2025-01-31,140.56991663697536,BA
2025-02-03,139.55977056715497,BA
2025-02-04,140.64262941069,BA
2025-02-05,141.67082875133232,BA
2025-02-06,143.1321846376458,BA
2025-02-07,142.32676114991108,BA
2025-02-10,139.6553930103389,BA
2025-02-11,141.49102495900962,BA
2025-02-12,141.61082314846817,BA
2025-02-13,143.9537897686562,BA
2025-02-14,145.58517910423183,BA
2025-02-17,144.63141743335686,BA
2025-02-18,143.29448289689537,BA
2025-02-19,146.90758565568566,BA
2025-02-20,147.5684819667463,BA
2025-02-21,148.90673450644562,BA
2025-02-24,149.17774546957077,BA
2025-02-25,146.823350473379,BA
2025-02-26,146.4080493967093,BA
2025-02-27,148.41037088515316,BA
2025-02-28,147.5900621542158,BA
2025-03-03,146.00620792722805,BA
2025-03-04,148.12589543471697,BA
2025-03-05,148.39957598222378,BA
2025-03-06,148.52960138017795,BA
2025-03-07,149.96933398690018,BA
2025-03-10,148.89673986564213,BA
2025-03-11,148.8192764723973,BA
2025-03-12,149.4874618407092,BA
2025-03-13,151.12558272410615,BA
2025-03-14,150.3491180370515,BA
2025-03-17,149.53406853947186,BA
2025-03-18,152.04718490479706,BA
2025-03-19,154.218233357555,BA
2025-03-20,155.3863752981246,BA
2025-03-21,153.75418953833795,BA
2025-03-24,154.3700511206206,BA
2025-03-25,153.63844187799472,BA
2025-03-26,155.79536837344403,BA
2025-03-27,155.88312729039313,BA
2025-03-28,157.1666845516637,BA
2025-03-31,155.44613282084407,BA
2025-04-01,154.97631975938663,BA
2025-04-02,155.39335954339194,BA
2025-04-03,155.8378862852341,BA
2025-04-04,155.30912411096546,BA
2025-04-07,155.36500998049485,BA
2025-04-08,156.17025608088716,BA
2025-04-09,158.26891124930134,BA
2025-04-10,158.75464726658987,BA
2025-04-11,158.20247422078108,BA
2025-04-14,156.80685661988696,BA
2025-04-15,158.18985236089787,BA
2025-04-16,155.63890677046237,BA
2025-04-17,153.61620860098543,BA
2025-04-18,152.5650183977112,BA
2025-04-21,151.13158873688621,BA
2025-04-22,153.81301802056262,BA
2025-04-23,155.4812808987713,BA
2025-04-24,155.1102293698331,BA
2025-04-25,155.64970319946676,BA
2025-04-28,156.87474173837808,BA
2025-04-29,159.71685762082242,BA
2025-04-30,157.12739350344827,BA
2025-05-01,157.3795664397547,BA
2024-01-01,100.16105097678934,F
2024-01-02,97.95311056448072,F
2024-01-03,99.75378375659153,F
2024-01-04,100.37611772004185,F
2024-01-05,100.48604829067108,F
2024-01-08,100.9694093613984,F
2024-01-09,101.66357537798798,F
2024-01-10,98.4426149557919,F
2024-01-11,96.46743086167682,F
2024-01-12,99.72965350898518,F
2024-01-15,99.17689790194619,F
2024-01-16,100.68823433578994,F
2024-01-17,101.13547480792367,F
2024-01-18,101.76921479536487,F
2024-01-19,99.82630453328969,F
2024-01-22,101.15961260869153,F
2024-01-23,101.65071514562173,F
2024-01-24,102.24858188396644,F
2024-01-25,101.79091068885839,F
2024-01-26,101.59029319908527,F
2024-01-29,100.97937232942499,F
2024-01-30,103.24718533321328,F
2024-01-31,102.05040098661696,F
2024-02-01,100.82530802093378,F
2024-02-02,101.6372421516562,F
2024-02-05,101.5624746644065,F
2024-02-06,101.0788153145464,F
2024-02-07,100.76938244963004,F
2024-02-08,100.95717569111333,F
2024-02-09,101.16009908006254,F
2024-02-12,100.54824883668572,F
2024-02-13,98.73731608834068,F
2024-02-14,98.76873414810399,F
2024-02-15,98.4650931990947,F
2024-02-16,97.48321793666956,F
2024-02-19,98.77662212880568,F
2024-02-20,97.15899808120697,F
2024-02-21,98.96840221649717,F
2024-02-22,96.7589092834988,F
2024-02-23,98.4342211082596,F
2024-02-26,101.36326980799153,F
2024-02-27,99.20237033389213,F
2024-02-28,99.72837126548268,F
2024-02-29,98.88671427330169,F
2024-03-01,100.56109121256495,F
2024-03-04,101.02727631362217,F
2024-03-05,100.84341637887337,F
2024-03-06,100.09113754122654,F
2024-03-07,100.45281857078133,F
2024-03-08,103.01205777091938,F
2024-03-11,102.77582392862136,F
2024-03-12,103.08912482525209,F
2024-03-13,102.7690206119475,F
2024-03-14,101.69308156262042,F
2024-03-15,101.35984563268063,F
2024-03-18,101.45594955765624,F
2024-03-19,101.83637008483288,F
2024-03-20,103.20187397195434,F
2024-03-21,103.3545796254074,F
2024-03-22,103.13080474464856,F
2024-03-25,103.36507676735518,F
2024-03-26,102.70716392558693,F
2024-03-27,103.43353861644223,F
2024-03-28,102.31785116524048,F
2024-03-29,102.90486782303807,F
2024-04-01,102.66264247863224,F
2024-04-02,101.48363335905151,F
2024-04-03,103.21048978554133,F
2024-04-04,104.10764286972623,F
2024-04-05,104.55817437794794,F
2024-04-08,103.78612738970529,F
2024-04-09,104.70045421786818,F
2024-04-10,105.06714083329862,F
2024-04-11,102.39666069090028,F
2024-04-12,103.91283646506537,F
2024-04-15,104.41600552866302,F
2024-04-16,104.78432918268493,F
2024-04-17,103.00138537530154,F
2024-04-18,103.41619368554625,F
2024-04-19,104.88600102134247,F
2024-04-22,105.04785516381249,F
2024-04-23,102.11260679776674,F
2024-04-24,101.74979250276618,F
2024-04-25,102.23444357458156,F
2024-04-26,102.85757175252694,F
2024-04-29,102.71808553117269,F
2024-04-30,101.1096156655874,F
2024-05-01,102.26742856448193,F
2024-05-02,103.81653730057688,F
2024-05-03,103.99420645553218,F
2024-05-06,106.51197726570798,F
2024-05-07,106.32221883744867,F
2024-05-08,106.29841107909307,F
2024-05-09,107.47570061765859,F
2024-05-10,109.60905349805628,F
2024-05-13,112.26173972594667,F
2024-05-14,112.50630707490457,F
2024-05-15,109.92134966132201,F
2024-05-16,109.97845603059197,F
2024-05-17,111.30040781814627,F
2024-05-20,111.15114755868572,F
2024-05-21,111.85639501850875,F
2024-05-22,111.39330850356492,F
2024-05-23,112.37040860489756,F
2024-05-24,114.1704682485427,F
2024-05-27,114.95681486169171,F
2024-05-28,113.59413116089036,F
2024-05-29,113.51210645512448,F
2024-05-30,111.26691517721368,F
2024-05-31,110.06920632735722,F
2024-06-03,107.48957763288621,F
2024-06-04,106.80240280986126,F
2024-06-05,108.26932438059362,F
2024-06-06,108.2298721101152,F
2024-06-07,107.29154543234759,F
2024-06-10,108.51660584205794,F
2024-06-11,109.67087096004576,F
2024-06-12,110.40422190356291,F
2024-06-13,111.50921908302787,F
2024-06-14,108.54469349674254,F
2024-06-17,107.3082396200288,F
2024-06-18,107.82199693349817,F
2024-06-19,107.45209118186082,F
2024-06-20,108.95013018323357,F
2024-06-21,109.39769722435787,F
2024-06-24,109.42488868991116,F
2024-06-25,107.07309846165735,F
2024-06-26,105.41572028098545,F
2024-06-27,107.16148309637822,F
2024-06-28,106.95132015994042,F
2024-07-01,104.45411057229506,F
2024-07-02,104.42644571872914,F
2024-07-03,106.35467739393994,F
2024-07-04,105.84872730303582,F
2024-07-05,107.67532953116083,F
2024-07-08,106.08386921268608,F
2024-07-09,109.2661821925803,F
2024-07-10,108.74112322970707,F
2024-07-11,106.65223596212704,F
2024-07-12,107.67277300233822,F
2024-07-15,106.292053092923,F
2024-07-16,105.50434785751693,F
2024-07-17,105.74139632597394,F
2024-07-18,105.49574500629348,F
2024-07-19,106.10001659216002,F
2024-07-22,104.2558918734281,F
2024-07-23,104.59957907998857,F
2024-07-24,104.14403202463608,F
2024-07-25,102.87340611460294,F
2024-07-26,102.86861679604135,F
2024-07-29,105.53365469553171,F
2024-07-30,105.39376019880133,F
2024-07-31,105.69615599657101,F
2024-08-01,104.41944197403839,F
2024-08-02,104.65692772676587,F
2024-08-05,105.55459556723481,F
2024-08-06,107.74168693238144,F
2024-08-07,109.29036711082381,F
2024-08-08,109.48362204764393,F
2024-08-09,110.63703660338956,F
2024-08-12,109.33764596329759,F
2024-08-13,106.18462961604791,F
2024-08-14,106.79547924148402,F
2024-08-15,105.18029526203394,F
2024-08-16,105.85037547910291,F
2024-08-19,105.69107504020556,F
2024-08-20,106.39533132280299,F
2024-08-21,109.3134917202057,F
2024-08-22,108.33841900613471,F
2024-08-23,109.61369380785634,F
2024-08-26,108.937215047715,F
2024-08-27,108.57328124733613,F
2024-08-28,109.05488670680927,F
2024-08-29,109.29566921689677,F
2024-08-30,109.18230128793084,F
2024-09-02,107.0142163659973,F
2024-09-03,104.57320260926141,F
2024-09-04,105.13195786849188,F
2024-09-05,105.37840184416582,F
2024-09-06,104.67641188176738,F
2024-09-09,103.9553935397228,F
2024-09-10,104.95909970283898,F
2024-09-11,102.69586742289461,F
2024-09-12,102.12422833002263,F
2024-09-13,102.76108150021271,F
2024-09-16,105.10831034924902,F
2024-09-17,106.27879831320925,F
2024-09-18,106.27187120132831,F
2024-09-19,106.24473931843337,F
2024-09-20,109.1047002494377,F
2024-09-23,106.95217536809517,F
2024-09-24,108.16938935166459,F
2024-09-25,109.05178063992739,F
2024-09-26,109.30684013381023,F
2024-09-27,108.3841709312623,F
2024-09-30,108.11742928372811,F
2024-10-01,109.04322365273117,F
2024-10-02,107.27195148067568,F
2024-10-03,108.51038927957306,F
2024-10-04,107.58191191126511,F
2024-10-07,108.91045393124323,F
2024-10-08,105.86773748718073,F
2024-10-09,106.69068244251754,F
2024-10-10,104.8563120422954,F
2024-10-11,105.0795346330244,F
2024-10-14,104.94284897564019,F
2024-10-15,104.65264028171319,F
2024-10-16,107.45765133022476,F
2024-10-17,108.90916415025741,F
2024-10-18,108.38358301411851,F
2024-10-21,107.38834288916844,F
2024-10-22,108.55968086757522,F
2024-10-23,109.49995030190924,F
2024-10-24,112.1790517804255,F
2024-10-25,110.31973028910406,F
2024-10-28,111.62083072845915,F
2024-10-29,109.79644435232669,F
2024-10-30,108.64353769745128,F
2024-10-31,109.02939766727197,F
2024-11-01,108.03470868452504,F
2024-11-04,109.01555740427604,F
2024-11-05,109.26701049723127,F
2024-11-06,110.18584634974191,F
2024-11-07,108.31964185530529,F
2024-11-08,110.43631509972806,F
2024-11-11,111.39952869725802,F
2024-11-12,111.04211325406337,F
2024-11-13,112.43274765116031,F
2024-11-14,115.75134565578675,F
2024-11-15,115.7806022274635,F
2024-11-18,116.81390695457696,F
2024-11-19,116.58496499706304,F
2024-11-20,115.62132856251078,F
2024-11-21,115.28476080216998,F
2024-11-22,116.280334361777,F
2024-11-25,115.11504613922384,F
2024-11-26,116.242878729118,F
2024-11-27,114.41472841207437,F
2024-11-28,113.66259057960063,F
2024-11-29,113.4784225538134,F
2024-12-02,114.13272353484376,F
2024-12-03,116.33013905184237,F
2024-12-04,115.57119335392834,F
2024-12-05,117.609703517616,F
2024-12-06,117.19634946100776,F
2024-12-09,115.71589355016359,F
2024-12-10,120.97756742386822,F
2024-12-11,117.4298848422422,F
2024-12-12,116.07898821420483,F
2024-12-13,113.15877045669768,F
2024-12-16,112.29743969188654,F
2024-12-17,112.0790013929966,F
2024-12-18,110.70193750901034,F
2024-12-19,111.79298162053075,F
2024-12-20,111.21744082526807,F
2024-12-23,110.0624280765625,F
2024-12-24,109.54372108661346,F
2024-12-25,108.04303441931859,F
2024-12-26,110.04763081019905,F
2024-12-27,108.70155396925995,F
2024-12-30,109.75199598495144,F
2024-12-31,109.9849162887036,F
2025-01-01,108.8687316980893,F
2025-01-02,111.75511109993718,F
2025-01-03,111.5733767543287,F
2025-01-06,110.11681248120101,F
2025-01-07,112.61385142920288,F
2025-01-08,114.50911105458559,F
2025-01-09,115.44347533003994,F
2025-01-10,114.8398084754304,F
2025-01-13,114.80544138596309,F
2025-01-14,115.41380616690664,F
2025-01-15,114.60637562344985,F
2025-01-16,114.78305386395235,F
2025-01-17,114.83089738291126,F
2025-01-20,112.91827601347703,F
2025-01-21,113.68145378016372,F
2025-01-22,113.72338203157014,F
2025-01-23,114.11372204455924,F
2025-01-24,115.17806529467727,F
2025-01-27,114.10780235080301,F
2025-01-28,116.25261645378589,F
2025-01-29,119.69619334164163,F
2025-01-30,120.80811124741427,F
2025-01-31,119.13854938225097,F
2025-02-03,121.25375100716225,F
2025-02-04,120.91308138542452,F
2025-02-05,119.26671852985608,F
2025-02-06,119.27508192337628,F
2025-02-07,119.51101150168158,F
2025-02-10,119.58324101302209,F
2025-02-11,118.07605707792693,F
2025-02-12,117.71065543909219,F
2025-02-13,116.29321919500062,F
2025-02-14,117.95002607010056,F
2025-02-17,119.13357952112563,F
2025-02-18,120.23613208520183,F
2025-02-19,119.11763632461862,F
2025-02-20,122.69798735498699,F
2025-02-21,122.0465192391341,F
2025-02-24,121.18303305587648,F
2025-02-25,120.51134470774336,F
2025-02-26,121.16144230430824,F
2025-02-27,120.81365502573664,F
2025-02-28,122.93306683220624,F
2025-03-03,121.78097988206173,F
2025-03-04,123.22271902974057,F
2025-03-05,122.51853811073681,F
2025-03-06,121.36653800278673,F
2025-03-07,120.23784016992266,F
2025-03-10,120.8201213466769,F
2025-03-11,122.81051783194758,F
2025-03-12,123.76201048170708,F
2025-03-13,126.59020425316197,F
2025-03-14,124.03850653209261,F
2025-03-17,125.39158593858927,F
2025-03-18,128.09722205524633,F
2025-03-19,128.75717481947913,F
2025-03-20,132.38697669938512,F
2025-03-21,133.14753221115166,F
2025-03-24,132.89585630453286,F
2025-03-25,132.71725090953385,F
2025-03-26,130.68806261348794,F
2025-03-27,130.26803188617157,F
2025-03-28,128.9765274189279,F
2025-03-31,127.68607894290486,F
2025-04-01,124.14468605226658,F
2025-04-02,125.13722905454615,F
2025-04-03,123.98659746806153,F
2025-04-04,124.44590617990954,F
2025-04-07,125.45714235631124,F
2025-04-08,125.55874875936833,F
2025-04-09,126.42422833672632,F
2025-04-10,126.58865052706241,F
2025-04-11,129.3698069266252,F
2025-04-14,128.4856748000988,F
2025-04-15,127.98288718020545,F
2025-04-16,127.39495457324028,F
2025-04-17,127.05779783794759,F
2025-04-18,129.0036313996321,F
2025-04-21,132.12471878479926,F
2025-04-22,135.69487579530312,F
2025-04-23,134.3231646188535,F
2025-04-24,132.95407185486724,F
2025-04-25,134.10532660304412,F
2025-04-28,134.73352217707412,F
2025-04-29,135.10495909559094,F
2025-04-30,136.58325370733246,F
2025-05-01,137.89404431398518,F
2024-01-01,98.78633183405134,WMT
2024-01-02,98.06324342248357,WMT
2024-01-03,98.96407144225749,WMT
2024-01-04,101.40127057420665,WMT
2024-01-05,101.25786365865777,WMT
2024-01-08,101.61596989289254,WMT
2024-01-09,99.15087514354191,WMT
2024-01-10,100.20297890855598,WMT
2024-01-11,99.2483049902972,WMT
2024-01-12,98.61330223434787,WMT
2024-01-15,98.37234242113144,WMT
2024-01-16,95.38417754390895,WMT
2024-01-17,94.1448690700014,WMT
2024-01-18,93.1863210989076,WMT
2024-01-19,94.07963247832187,WMT
2024-01-22,90.16449584906323,WMT
2024-01-23,87.70809611517103,WMT
2024-01-24,88.45786399533934,WMT
2024-01-25,86.00586263004226,WMT
2024-01-26,86.03594870100501,WMT
2024-01-29,87.19843447867598,WMT
2024-01-30,88.22746193094594,WMT
2024-01-31,90.88944440884198,WMT
2024-02-01,92.45804368622765,WMT
2024-02-02,94.34599110972128,WMT
2024-02-05,97.85186059380813,WMT
2024-02-06,95.81913187934468,WMT
2024-02-07,97.51680546651147,WMT
2024-02-08,98.39032936574324,WMT
2024-02-09,98.47667106406223,WMT
2024-02-12,97.86162242974191,WMT
2024-02-13,98.2891699123327,WMT
2024-02-14,97.70343702502821,WMT
2024-02-15,96.9290896030098,WMT
2024-02-16,94.76326892828378,WMT
2024-02-19,93.99410626121448,WMT
2024-02-20,90.95684115924476,WMT
2024-02-21,91.78578319321775,WMT
2024-02-22,92.68729761444018,WMT
2024-02-23,93.04257384770601,WMT
2024-02-26,93.68356399954604,WMT
2024-02-27,94.30718195468691,WMT
2024-02-28,92.11041487651504,WMT
2024-02-29,90.69031321407003,WMT
2024-03-01,92.5360301901485,WMT
2024-03-04,92.12632735712765,WMT
2024-03-05,92.75990572457596,WMT
2024-03-06,95.14275868796011,WMT
2024-03-07,95.64529964508681,WMT
2024-03-08,96.42014824808943,WMT
2024-03-11,93.2295613339626,WMT
2024-03-12,93.95201643539171,WMT
2024-03-13,93.41112141381528,WMT
2024-03-14,94.10766841529967,WMT
2024-03-15,95.01030928437217,WMT
2024-03-18,94.26514163032816,WMT
2024-03-19,93.71172711791995,WMT
2024-03-20,97.92069006196739,WMT
2024-03-21,96.80271525224158,WMT
2024-03-22,98.41445304123744,WMT
2024-03-25,96.92838799441739,WMT
2024-03-26,97.43698842879844,WMT
2024-03-27,100.65302470971304,WMT
2024-03-28,105.1769790606192,WMT
2024-03-29,105.12839090694261,WMT
2024-04-01,104.08270782687691,WMT
2024-04-02,105.79349118426974,WMT
2024-04-03,104.59415611739571,WMT
2024-04-04,105.7772837432666,WMT
2024-04-05,103.69894916382141,WMT
2024-04-08,102.49412846865424,WMT
2024-04-09,101.23769454405596,WMT
2024-04-10,100.16318790195085,WMT
2024-04-11,98.6333534222747,WMT
2024-04-12,99.78711744723536,WMT
2024-04-15,102.18268324231401,WMT
2024-04-16,102.6920258057452,WMT
2024-04-17,103.50075868024487,WMT
2024-04-18,103.00473493741171,WMT
2024-04-19,100.45723037563725,WMT
2024-04-22,101.24407604860889,WMT
2024-04-23,102.41090015346582,WMT
2024-04-24,102.141386736821,WMT
2024-04-25,102.96975907400187,WMT
2024-04-26,99.1650845340504,WMT
2024-04-29,98.55374498015973,WMT
2024-04-30,99.17475130350446,WMT
2024-05-01,99.78118870261218,WMT
2024-05-02,95.6830584020051,WMT
2024-05-03,95.05254295643435,WMT
2024-05-06,95.19316433273303,WMT
2024-05-07,94.20924404274828,WMT
2024-05-08,92.08804686999201,WMT
2024-05-09,91.41531281502185,WMT
2024-05-10,92.051620780548,WMT
2024-05-13,91.07209298144484,WMT
2024-05-14,91.3531481813554,WMT
2024-05-15,91.09596542424072,WMT
2024-05-16,91.67566418760852,WMT
2024-05-17,91.11224661450102,WMT
2024-05-20,91.85903093771525,WMT
2024-05-21,91.7354451978494,WMT
2024-05-22,95.24998533392086,WMT
2024-05-23,95.05313625098208,WMT
2024-05-24,92.27328594721232,WMT
2024-05-27,92.21684152932933,WMT
2024-05-28,92.51039299546652,WMT
2024-05-29,92.02679923565732,WMT
2024-05-30,89.94305988357279,WMT
2024-05-31,88.68327791866108,WMT
2024-06-03,89.45323880622512,WMT
2024-06-04,88.53472838267874,WMT
2024-06-05,85.5490035004456,WMT
2024-06-06,87.09520009091372,WMT
2024-06-07,87.73834412481659,WMT
2024-06-10,87.90342807347969,WMT
2024-06-11,85.09673492435134,WMT
2024-06-12,83.85618548021844,WMT
2024-06-13,82.86278182808304,WMT
2024-06-14,80.75038000975502,WMT
2024-06-17,83.03737372466748,WMT
2024-06-18,82.10449537670321,WMT
2024-06-19,82.48606252297559,WMT
2024-06-20,85.12942290332683,WMT
2024-06-21,83.87209743152766,WMT
2024-06-24,83.42557303678122,WMT
2024-06-25,82.2464274772754,WMT
2024-06-26,80.82447654071639,WMT
2024-06-27,78.45110169948448,WMT
2024-06-28,77.34712720386325,WMT
2024-07-01,77.74728013109441,WMT
2024-07-02,77.49749927626405,WMT
2024-07-03,78.17845445468174,WMT
2024-07-04,77.38846889324532,WMT
2024-07-05,77.16215909564158,WMT
2024-07-08,77.70064982422853,WMT
2024-07-09,77.02458548894386,WMT
2024-07-10,78.53563734685062,WMT
2024-07-11,77.78503257746006,WMT
2024-07-12,77.14988617010657,WMT
2024-07-15,76.48119092987534,WMT
2024-07-16,72.88518293373656,WMT
2024-07-17,71.07402376105985,WMT
2024-07-18,73.13429103568266,WMT
2024-07-19,71.19564346804293,WMT
2024-07-22,71.27774064740214,WMT
2024-07-23,73.47564668019052,WMT
2024-07-24,73.11487563219737,WMT
2024-07-25,73.9013259148644,WMT
2024-07-26,72.14879970795384,WMT
2024-07-29,69.50849406364674,WMT
2024-07-30,66.59330402154157,WMT
2024-07-31,64.37138826208675,WMT
2024-08-01,64.39712483801435,WMT
2024-08-02,63.85854473200795,WMT
2024-08-05,64.59487782426618,WMT
2024-08-06,64.51887841910442,WMT
2024-08-07,64.2368824328652,WMT
2024-08-08,64.82401980406009,WMT
2024-08-09,65.86995662924929,WMT
2024-08-12,67.47501879669981,WMT
2024-08-13,66.65309266636419,WMT
2024-08-14,66.6545585858045,WMT
2024-08-15,69.31839830830279,WMT
2024-08-16,70.93694818538243,WMT
2024-08-19,69.69500114605987,WMT
2024-08-20,69.55975214081354,WMT
2024-08-21,70.06080858455724,WMT
2024-08-22,69.18482782936847,WMT
2024-08-23,71.95883364376496,WMT
2024-08-26,72.54405701203626,WMT
2024-08-27,72.88092225555208,WMT
2024-08-28,74.5963728488507,WMT
2024-08-29,75.23270531738636,WMT
2024-08-30,75.75089876359031,WMT
2024-09-02,74.34527570131011,WMT
2024-09-03,75.75514010640813,WMT
2024-09-04,74.49834704122028,WMT
2024-09-05,74.90589181083621,WMT
2024-09-06,71.09450144674219,WMT
2024-09-09,73.07857189817628,WMT
2024-09-10,70.9604545078552,WMT
2024-09-11,72.11149128991245,WMT
2024-09-12,68.8437173073364,WMT
2024-09-13,69.86500800551467,WMT
2024-09-16,69.06473737684989,WMT
2024-09-17,68.0121447765551,WMT
2024-09-18,66.70707081947418,WMT
2024-09-19,66.65742361007045,WMT
2024-09-20,68.40081129023932,WMT
2024-09-23,68.65571208706582,WMT
2024-09-24,68.49584860645837,WMT
2024-09-25,68.47189177284679,WMT
2024-09-26,69.01523118353337,WMT
2024-09-27,71.52334532334389,WMT
2024-09-30,68.8960312689349,WMT
2024-10-01,69.1835610688708,WMT
2024-10-02,70.65690741881576,WMT
2024-10-03,70.535106896756,WMT
2024-10-04,69.33760374872486,WMT
2024-10-07,70.96363152942679,WMT
2024-10-08,68.46134222160202,WMT
2024-10-09,69.32463901431518,WMT
2024-10-10,68.1990617993498,WMT
2024-10-11,69.21504109854575,WMT
2024-10-14,69.45211969669081,WMT
2024-10-15,68.15475389614072,WMT
2024-10-16,69.26343672673636,WMT
2024-10-17,68.52218232587568,WMT
2024-10-18,67.74803417520371,WMT
2024-10-21,67.4159979149698,WMT
2024-10-22,66.5771803306873,WMT
2024-10-23,67.00015485761182,WMT
2024-10-24,67.88195851244842,WMT
2024-10-25,68.03655497084434,WMT
2024-10-28,69.91942945404097,WMT
2024-10-29,70.15343634561904,WMT
2024-10-30,69.68132538838192,WMT
2024-10-31,69.28371557978963,WMT
2024-11-01,69.64627927061684,WMT
2024-11-04,69.76851444225778,WMT
2024-11-05,68.60775857238652,WMT
2024-11-06,69.66560511181582,WMT
2024-11-07,67.25539919757014,WMT
2024-11-08,67.82154656079055,WMT
2024-11-11,66.7322857592376,WMT
2024-11-12,64.68094792298842,WMT
2024-11-13,63.68008556611771,WMT
2024-11-14,65.16572713796671,WMT
2024-11-15,65.39483836528109,WMT
2024-11-18,62.96659122509479,WMT
2024-11-19,64.2403314563893,WMT
2024-11-20,64.48858689105552,WMT
2024-11-21,64.40287315264217,WMT
2024-11-22,62.09262777581435,WMT
2024-11-25,62.505318316486374,WMT
2024-11-26,63.47987425666287,WMT
2024-11-27,64.27101891323474,WMT
2024-11-28,65.69545761590607,WMT
2024-11-29,67.87141713508089,WMT
2024-12-02,65.00522635550551,WMT
2024-12-03,64.375372792642,WMT
2024-12-04,65.47272771075941,WMT
2024-12-05,64.56747391892506,WMT
2024-12-06,65.04506053887471,WMT
2024-12-09,65.09991821690977,WMT
2024-12-10,66.31855866118954,WMT
2024-12-11,65.02887355073113,WMT
2024-12-12,66.28323052163293,WMT
2024-12-13,68.26737315730855,WMT
2024-12-16,68.52671423571391,WMT
2024-12-17,67.78022279874571,WMT
2024-12-18,67.19927919897962,WMT
2024-12-19,67.76766843479206,WMT
2024-12-20,68.9378174255196,WMT
2024-12-23,68.896227901451,WMT
2024-12-24,69.44136585441613,WMT
2024-12-25,69.91680254364022,WMT
2024-12-26,68.25846359930105,WMT
2024-12-27,69.74754848927167,WMT
2024-12-30,69.29951497131603,WMT
2024-12-31,70.14101552486079,WMT
2025-01-01,72.88594756946438,WMT
2025-01-02,74.03792424780167,WMT
2025-01-03,74.83520822052982,WMT
2025-01-06,77.16591732558614,WMT
2025-01-07,77.32764924568994,WMT
2025-01-08,77.98395533888996,WMT
2025-01-09,78.49241173994473,WMT
2025-01-10,79.0823941301102,WMT
2025-01-13,79.34858440631903,WMT
2025-01-14,80.21698738774143,WMT
2025-01-15,79.52763705999443,WMT
2025-01-16,77.00430885690554,WMT
2025-01-17,78.26376629868655,WMT
2025-01-20,80.98574777534017,WMT
2025-01-21,80.52257258141644,WMT
2025-01-22,81.12238883240278,WMT
2025-01-23,82.22820826845614,WMT
2025-01-24,80.0346524840379,WMT
2025-01-27,79.86125432219504,WMT
2025-01-28,83.5438263055221,WMT
2025-01-29,86.28121629422448,WMT
2025-01-30,88.29773377748766,WMT
2025-01-31,90.00382885598802,WMT
2025-02-03,91.55833989873389,WMT
2025-02-04,90.74017722018664,WMT
2025-02-05,89.48982367841654,WMT
2025-02-06,87.24067837941007,WMT
2025-02-07,86.86899499354392,WMT
2025-02-10,89.87847026949316,WMT
2025-02-11,91.425914917158,WMT
2025-02-12,92.78903344431413,WMT
2025-02-13,93.23867529426138,WMT
2025-02-14,93.43043547003201,WMT
2025-02-17,92.1974435632579,WMT
2025-02-18,89.25088651457683,WMT
2025-02-19,92.29985904542248,WMT
2025-02-20,93.04836848940865,WMT
2025-02-21,88.75458501529471,WMT
2025-02-24,88.15951172128698,WMT
2025-02-25,88.78018261288246,WMT
2025-02-26,90.04812441866173,WMT
2025-02-27,88.78845216715392,WMT
2025-02-28,89.52890782748261,WMT
2025-03-03,91.86606935205062,WMT
2025-03-04,92.96088571099077,WMT
2025-03-05,92.54155279148922,WMT
2025-03-06,93.64427420468444,WMT
2025-03-07,94.09227952614658,WMT
2025-03-10,92.40759857386091,WMT
2025-03-11,94.90534413081907,WMT
2025-03-12,94.46348278353,WMT
2025-03-13,93.10133109579952,WMT
2025-03-14,91.36352250372364,WMT
2025-03-17,92.05966842167783,WMT
2025-03-18,90.97410381779932,WMT
2025-03-19,92.96568358399827,WMT
2025-03-20,94.67920065414074,WMT
2025-03-21,94.0173631643708,WMT
2025-03-24,91.92064489231073,WMT
2025-03-25,91.76807391949691,WMT
2025-03-26,87.6898622877425,WMT
2025-03-27,86.78663288885167,WMT
2025-03-28,88.04461286177705,WMT
2025-03-31,87.59664377037062,WMT
2025-04-01,87.21728966465247,WMT
2025-04-02,87.14860687629286,WMT
2025-04-03,88.27712428963814,WMT
2025-04-04,88.42344417525747,WMT
2025-04-07,87.36028052429198,WMT
2025-04-08,85.32773411082596,WMT
2025-04-09,85.44839869961861,WMT
2025-04-10,82.56238973780528,WMT
2025-04-11,82.7292210077411,WMT
2025-04-14,81.84124458531494,WMT
2025-04-15,81.62896348677555,WMT
2025-04-16,80.87413893112932,WMT
2025-04-17,77.71803766087007,WMT
2025-04-18,76.72772280994937,WMT
2025-04-21,78.45194391071234,WMT
2025-04-22,77.02914982242004,WMT
2025-04-23,73.9990436003581,WMT
2025-04-24,73.50395533007685,WMT
2025-04-25,72.33588599362176,WMT
2025-04-28,72.56073730130244,WMT
2025-04-29,71.91959510224318,WMT
2025-04-30,73.39560481445099,WMT
2025-05-01,71.32878988591727,WMT
2024-01-01,101.43358645301089,TSM
2024-01-02,99.12755991653032,TSM
2024-01-03,97.19715778001736,TSM
2024-01-04,98.10296630900919,TSM
2024-01-05,100.28374514012147,TSM
2024-01-08,100.2429360565223,TSM
2024-01-09,99.24046009144166,TSM
2024-01-10,100.37602050274019,TSM
2024-01-11,101.32166152010019,TSM
2024-01-12,101.22839019780956,TSM
2024-01-15,103.19800276011172,TSM
2024-01-16,102.08325943920461,TSM
2024-01-17,102.9422862196314,TSM
2024-01-18,102.04483083537646,TSM
2024-01-19,102.02050736226238,TSM
2024-01-22,100.94300172870685,TSM
2024-01-23,104.0189001120713,TSM
2024-01-24,103.92892266431821,TSM
2024-01-25,104.07513617900554,TSM
2024-01-26,105.08092361469645,TSM
2024-01-29,107.37760257687887,TSM
2024-01-30,107.17025122055696,TSM
2024-01-31,108.29726892933195,TSM
2024-02-01,108.60521671547873,TSM
2024-02-02,107.30616940430303,TSM
2024-02-05,106.63169545630447,TSM
2024-02-06,105.42879243859616,TSM
2024-02-07,103.49481939138701,TSM
2024-02-08,104.10644050964993,TSM
2024-02-09,103.0256173113515,TSM
2024-02-12,102.00801692340971,TSM
2024-02-13,101.3754155411163,TSM
2024-02-14,98.49141865295041,TSM
2024-02-15,98.51147998087275,TSM
2024-02-16,96.99129341319943,TSM
2024-02-19,95.20452660652995,TSM
2024-02-20,94.59410533472705,TSM
2024-02-21,92.28995708439143,TSM
2024-02-22,91.29965869339703,TSM
2024-02-23,89.29227696801784,TSM
2024-02-26,87.31371789711122,TSM
2024-02-27,84.65458652799754,TSM
2024-02-28,83.87262334419923,TSM
2024-02-29,83.77646784734743,TSM
2024-03-01,86.03614008842091,TSM
2024-03-04,85.27339550772078,TSM
2024-03-05,85.12199437544072,TSM
2024-03-06,83.34088310013928,TSM
2024-03-07,83.86246960120899,TSM
2024-03-08,84.99177840349438,TSM
2024-03-11,83.36119549796317,TSM
2024-03-12,84.20289046110472,TSM
2024-03-13,83.92253448985812,TSM
2024-03-14,81.17441856360745,TSM
2024-03-15,79.09313900438282,TSM
2024-03-18,78.3025377172363,TSM
2024-03-19,78.0569142178523,TSM
2024-03-20,73.86774412933401,TSM
2024-03-21,76.40564773017903,TSM
2024-03-22,75.71912308952834,TSM
2024-03-25,76.69671854102201,TSM
2024-03-26,74.71072958221191,TSM
2024-03-27,73.488104866457,TSM
2024-03-28,75.1026333888844,TSM
2024-03-29,75.65184126331347,TSM
2024-04-01,72.1979650016308,TSM
2024-04-02,73.4605311633477,TSM
2024-04-03,74.87310513799011,TSM
2024-04-04,73.94239472999796,TSM
2024-04-05,75.6567328250214,TSM
2024-04-08,74.04874333577202,TSM
2024-04-09,71.43043405368151,TSM
2024-04-10,72.8488587778585,TSM
2024-04-11,70.56956254923044,TSM
2024-04-12,74.0281566604773,TSM
2024-04-15,72.82438875348191,TSM
2024-04-16,70.33260867595364,TSM
2024-04-17,72.4411040405387,TSM
2024-04-18,71.82326199939182,TSM
2024-04-19,73.60023035558487,TSM
2024-04-22,71.83817667175472,TSM
2024-04-23,71.85686241639598,TSM
2024-04-24,72.91489669128518,TSM
2024-04-25,75.03786454126069,TSM
2024-04-26,77.88114751292214,TSM
2024-04-29,80.43462189182502,TSM
2024-04-30,80.77792547624765,TSM
2024-05-01,80.53830174594984,TSM
2024-05-02,82.09859210113882,TSM
2024-05-03,78.30473622621349,TSM
2024-05-06,78.06754868714661,TSM
2024-05-07,80.25682796954646,TSM
2024-05-08,77.91984409159548,TSM
2024-05-09,78.42407437849715,TSM
2024-05-10,76.57665508968012,TSM
2024-05-13,77.66424175861589,TSM
2024-05-14,78.29021353415581,TSM
2024-05-15,78.39860538901272,TSM
2024-05-16,79.51086607943749,TSM
2024-05-17,82.08164959540943,TSM
2024-05-20,79.95069045050721,TSM
2024-05-21,81.28498973951481,TSM
2024-05-22,83.31950086942639,TSM
2024-05-23,81.57294822789588,TSM
2024-05-24,82.91606626773138,TSM
2024-05-27,82.24356992253905,TSM
2024-05-28,81.3018093908045,TSM
2024-05-29,80.753222602814,TSM
2024-05-30,80.22664252140433,TSM
2024-05-31,82.10712687521357,TSM
2024-06-03,81.28125542523418,TSM
2024-06-04,82.66698610934718,TSM
2024-06-05,81.62509617950657,TSM
2024-06-06,83.08319313529486,TSM
2024-06-07,84.6576886921517,TSM
2024-06-10,84.9906349511179,TSM
2024-06-11,85.01827649698991,TSM
2024-06-12,88.1877369681408,TSM
2024-06-13,85.52649104628233,TSM
2024-06-14,85.58713344226703,TSM
2024-06-17,84.21296956781497,TSM
2024-06-18,82.16055254804614,TSM
2024-06-19,81.6593166909729,TSM
2024-06-20,81.72423775084539,TSM
2024-06-21,82.4638752893661,TSM
2024-06-24,82.70677972582143,TSM
2024-06-25,81.4666919059733,TSM
2024-06-26,79.68636884049945,TSM
2024-06-27,77.71035794190449,TSM
2024-06-28,76.59457461120817,TSM
2024-07-01,74.20009238953226,TSM
2024-07-02,74.0181708746816,TSM
2024-07-03,74.2529798317164,TSM
2024-07-04,71.90303743638907,TSM
2024-07-05,73.9186389332806,TSM
2024-07-08,71.45779031256168,TSM
2024-07-09,72.37231786350263,TSM
2024-07-10,72.95455246387284,TSM
2024-07-11,72.23526463986346,TSM
2024-07-12,74.74551184181136,TSM
2024-07-15,77.10421949770847,TSM
2024-07-16,75.54353657972655,TSM
2024-07-17,74.6401989495028,TSM
2024-07-18,75.45663286246275,TSM
2024-07-19,73.59909419231482,TSM
2024-07-22,74.66957789811934,TSM
2024-07-23,74.80049599926706,TSM
2024-07-24,74.26453347063392,TSM
2024-07-25,73.24352446626871,TSM
2024-07-26,72.72881490592023,TSM
2024-07-29,76.44336750127087,TSM
2024-07-30,75.83950787977632,TSM
2024-07-31,73.55083997625968,TSM
2024-08-01,73.88814809814801,TSM
2024-08-02,74.63196897255096,TSM
2024-08-05,76.18022174493021,TSM
2024-08-06,77.64669297132176,TSM
2024-08-07,79.52581554762435,TSM
2024-08-08,75.51946797895104,TSM
2024-08-09,74.95532464725608,TSM
2024-08-12,74.06097353203236,TSM
2024-08-13,73.61502816257328,TSM
2024-08-14,76.49698985237522,TSM
2024-08-15,73.03872723270433,TSM
2024-08-16,71.56953699856045,TSM
2024-08-19,70.77917485948538,TSM
2024-08-20,74.22324929134967,TSM
2024-08-21,74.80820859332057,TSM
2024-08-22,75.00554190494307,TSM
2024-08-23,75.18837386881296,TSM
2024-08-26,75.73901602781542,TSM
2024-08-27,75.41496633625154,TSM
2024-08-28,76.28627327028856,TSM
2024-08-29,79.08958780588355,TSM
2024-08-30,79.14257747788776,TSM
2024-09-02,79.23023790943094,TSM
2024-09-03,79.31634178238082,TSM
2024-09-04,78.09568915388036,TSM
2024-09-05,76.65205141728771,TSM
2024-09-06,76.213191996309,TSM
2024-09-09,79.12168288772432,TSM
2024-09-10,80.56687650000148,TSM
2024-09-11,81.1381940226403,TSM
2024-09-12,81.63109413203415,TSM
2024-09-13,81.7313135842944,TSM
2024-09-16,83.87366001984259,TSM
2024-09-17,82.8460341650044,TSM
2024-09-18,85.35575369769478,TSM
2024-09-19,86.10537446621751,TSM
2024-09-20,85.84508915580251,TSM
2024-09-23,84.79367161600523,TSM
2024-09-24,82.8334518922592,TSM
2024-09-25,82.12770628217555,TSM
2024-09-26,81.27277563787808,TSM
2024-09-27,81.81919909234087,TSM
2024-09-30,81.17008737233385,TSM
2024-10-01,79.14947495568413,TSM
2024-10-02,79.16576037038672,TSM
2024-10-03,78.3201290970724,TSM
2024-10-04,79.21288824850329,TSM
2024-10-07,81.09108625302397,TSM
2024-10-08,80.37455524146968,TSM
2024-10-09,83.79601709897433,TSM
2024-10-10,80.34307771002482,TSM
2024-10-11,79.64075133746167,TSM
2024-10-14,79.53445888217396,TSM
2024-10-15,80.29771397229517,TSM
2024-10-16,81.84547551802248,TSM
2024-10-17,80.89475836729854,TSM
2024-10-18,82.58753722857116,TSM
2024-10-21,83.02981712424933,TSM
2024-10-22,81.32630367775991,TSM
2024-10-23,80.6443697152823,TSM
2024-10-24,81.77706332741295,TSM
2024-10-25,82.4446180848681,TSM
2024-10-28,80.73293169110504,TSM
2024-10-29,80.18484764030667,TSM
2024-10-30,83.28120839515613,TSM
2024-10-31,81.4982775807616,TSM
2024-11-01,79.5564406817382,TSM
2024-11-04,77.19305410736027,TSM
2024-11-05,77.52019015636311,TSM
2024-11-06,76.44608744300393,TSM
2024-11-07,77.92979331486131,TSM
2024-11-08,77.56154428219247,TSM
2024-11-11,74.86524856149332,TSM
2024-11-12,74.18596357893502,TSM
2024-11-13,78.74099448470156,TSM
2024-11-14,79.56136432637999,TSM
2024-11-15,78.44429872519343,TSM
2024-11-18,79.61561072888439,TSM
2024-11-19,81.61995636899877,TSM
2024-11-20,83.89837209986081,TSM
2024-11-21,81.91553323275241,TSM
2024-11-22,81.46831119214878,TSM
2024-11-25,81.62328484806466,TSM
2024-11-26,83.26056047109725,TSM
2024-11-27,84.01484676387238,TSM
2024-11-28,84.81193230462273,TSM
2024-11-29,81.90807285898553,TSM
2024-12-02,83.49520767847754,TSM
2024-12-03,82.88058342880878,TSM
2024-12-04,82.92385616520544,TSM
2024-12-05,83.02082213538243,TSM
2024-12-06,82.15491995654763,TSM
2024-12-09,84.32534443021092,TSM
2024-12-10,83.64114262775814,TSM
2024-12-11,84.25301914332826,TSM
2024-12-12,84.48698213020037,TSM
2024-12-13,83.89502459242152,TSM
2024-12-16,83.58037654218529,TSM
2024-12-17,83.34419755105435,TSM
2024-12-18,84.08972065479821,TSM
2024-12-19,84.17663601220262,TSM
2024-12-20,83.79925663688113,TSM
2024-12-23,83.36539376836762,TSM
2024-12-24,81.07080593346694,TSM
2024-12-25,82.53810739299914,TSM
2024-12-26,83.9650772752071,TSM
2024-12-27,83.58473958524254,TSM
2024-12-30,84.995124263627,TSM
2024-12-31,83.57919605283114,TSM
2025-01-01,83.77819780386439,TSM
2025-01-02,81.61806588749762,TSM
2025-01-03,82.3526995566933,TSM
2025-01-06,82.50564059308033,TSM
2025-01-07,82.79266293061235,TSM
2025-01-08,84.47319818728995,TSM
2025-01-09,84.17064924337205,TSM
2025-01-10,85.79969480790984,TSM
2025-01-13,86.72770854150909,TSM
2025-01-14,89.50304831198046,TSM
2025-01-15,90.19773565429286,TSM
2025-01-16,87.10975866679848,TSM
2025-01-17,90.99861220039858,TSM
2025-01-20,87.87985026609272,TSM
2025-01-21,86.53537478840389,TSM
2025-01-22,88.9268337191543,TSM
2025-01-23,88.00227908456014,TSM
2025-01-24,88.51008409390386,TSM
2025-01-27,86.4541406867722,TSM
2025-01-28,84.22655553914296,TSM
2025-01-29,85.46486003687107,TSM
2025-01-30,86.03863492907017,TSM
2025-01-31,86.98402431827034,TSM
2025-02-03,88.50630836942327,TSM
2025-02-04,89.41782451341929,TSM
2025-02-05,87.7470857018237,TSM
2025-02-06,84.54148917903295,TSM
2025-02-07,88.63183465833855,TSM
2025-02-10,90.10769867677227,TSM
2025-02-11,92.27085663214044,TSM
2025-02-12,90.65246862160872,TSM
2025-02-13,86.83973081707613,TSM
2025-02-14,89.33273133570466,TSM
2025-02-17,89.02022839238042,TSM
2025-02-18,88.19352169836215,TSM
2025-02-19,86.41523066748205,TSM
2025-02-20,88.07545740107336,TSM
2025-02-21,90.02843251797805,TSM
2025-02-24,87.12307115663252,TSM
2025-02-25,87.3036828812768,TSM
2025-02-26,87.26971777671466,TSM
2025-02-27,90.8545833779391,TSM
2025-02-28,92.3263301430808,TSM
2025-03-03,91.42496389237566,TSM
2025-03-04,93.21212131858726,TSM
2025-03-05,93.32292933806433,TSM
2025-03-06,93.89272686666693,TSM
2025-03-07,93.0615439224694,TSM
2025-03-10,93.62417143157417,TSM
2025-03-11,92.758158158945,TSM
2025-03-12,93.50615696057129,TSM
2025-03-13,93.69045195736322,TSM
2025-03-14,95.21464644043631,TSM
2025-03-17,94.86398410310282,TSM
2025-03-18,95.52061082117129,TSM
2025-03-19,93.6901670979855,TSM
2025-03-20,96.46861703640688,TSM
2025-03-21,97.09394518343035,TSM
2025-03-24,98.28319774812766,TSM
2025-03-25,99.23221658494163,TSM
2025-03-26,97.38869540373048,TSM
2025-03-27,95.28224633804008,TSM
2025-03-28,92.83559949490517,TSM
2025-03-31,91.70296494642731,TSM
2025-04-01,91.00645452789644,TSM
2025-04-02,90.4521182335637,TSM
2025-04-03,89.7288391203967,TSM
2025-04-04,89.14975364702838,TSM
2025-04-07,91.57200595850792,TSM
2025-04-08,93.1282032496697,TSM
2025-04-09,94.48198594581798,TSM
2025-04-10,95.54365088405255,TSM
2025-04-11,94.49450652413154,TSM
2025-04-14,96.36930755708191,TSM
2025-04-15,98.73653014009258,TSM
2025-04-16,98.27346554081515,TSM
2025-04-17,98.35585970421127,TSM
2025-04-18,97.81304127621682,TSM
2025-04-21,96.84489442767975,TSM
2025-04-22,94.92885129590626,TSM
2025-04-23,98.07832002954862,TSM
2025-04-24,101.48264726502471,TSM
2025-04-25,103.18395934467573,TSM
2025-04-28,102.11903367913328,TSM
2025-04-29,99.1469987188808,TSM
2025-04-30,95.91176555290673,TSM
2025-05-01,95.76918600109903,TSM
2024-01-01,98.45419696691059,MRK
2024-01-02,94.9279462059482,MRK
2024-01-03,95.87879513777987,MRK
2024-01-04,94.69551681317706,MRK
2024-01-05,93.19637198061416,MRK
2024-01-08,91.1446176622389,MRK
2024-01-09,90.47775167784438,MRK
2024-01-10,88.68740806522949,MRK
2024-01-11,90.38565544239621,MRK
2024-01-12,89.8459505325284,MRK
2024-01-15,89.10869217816595,MRK
2024-01-16,89.69395317773137,MRK
2024-01-17,89.36995230880834,MRK
2024-01-18,87.9179460039905,MRK
2024-01-19,86.99349268009075,MRK
2024-01-22,85.40391131076562,MRK
2024-01-23,86.73193996798952,MRK
2024-01-24,88.91684407577779,MRK
2024-01-25,88.35436813597245,MRK
2024-01-26,86.83766508496034,MRK
2024-01-29,88.06335260305256,MRK
2024-01-30,88.49621063510449,MRK
2024-01-31,88.46950179161854,MRK
2024-02-01,89.06928138327338,MRK
2024-02-02,90.75014635814547,MRK
2024-02-05,90.97971172249748,MRK
2024-02-06,90.11680894505822,MRK
2024-02-07,89.42131131154984,MRK
2024-02-08,86.9443058574673,MRK
2024-02-09,87.69654336504158,MRK
2024-02-12,84.47738021924751,MRK
2024-02-13,85.74151974434166,MRK
2024-02-14,84.3363042513921,MRK
2024-02-15,84.19440627972966,MRK
2024-02-16,85.13962691391255,MRK
2024-02-19,84.58807937820997,MRK
2024-02-20,83.01214674800056,MRK
2024-02-21,81.98289196351217,MRK
2024-02-22,81.78168953013915,MRK
2024-02-23,82.42747001639904,MRK
2024-02-26,84.39770624620213,MRK
2024-02-27,83.35793604183365,MRK
2024-02-28,82.7245924040121,MRK
2024-02-29,83.95777551760341,MRK
2024-03-01,83.20650055718092,MRK
2024-03-04,82.15327533904764,MRK
2024-03-05,81.55051781460243,MRK
2024-03-06,78.52606938322843,MRK
2024-03-07,79.43275186126519,MRK
2024-03-08,81.04505366521465,MRK
2024-03-11,79.66329481693462,MRK
2024-03-12,79.45767813755651,MRK
2024-03-13,79.8760004202896,MRK
2024-03-14,80.34554271861286,MRK
2024-03-15,78.55197244811337,MRK
2024-03-18,78.3090091586109,MRK
2024-03-19,78.49859173529005,MRK
2024-03-20,78.66597962418209,MRK
2024-03-21,79.24393094286103,MRK
2024-03-22,81.01007177079035,MRK
2024-03-25,79.99414519537257,MRK
2024-03-26,81.69427889812894,MRK
2024-03-27,82.40205959742501,MRK
2024-03-28,84.46299361057338,MRK
2024-03-29,85.04311585718871,MRK
2024-04-01,86.04295650964576,MRK
2024-04-02,86.62172172263953,MRK
2024-04-03,89.05114019704666,MRK
2024-04-04,89.32908544118098,MRK
2024-04-05,89.12603197749897,MRK
2024-04-08,89.13029240020836,MRK
2024-04-09,87.22236050697164,MRK
2024-04-10,89.16292164887898,MRK
2024-04-11,90.51083796716489,MRK
2024-04-12,89.80772176235749,MRK
2024-04-15,92.56740689324927,MRK
2024-04-16,96.27365795664191,MRK
2024-04-17,94.71841760733275,MRK
2024-04-18,94.28715122828248,MRK
2024-04-19,94.1491431298301,MRK
2024-04-22,96.91749784427583,MRK
2024-04-23,97.61958788000986,MRK
2024-04-24,97.63521161577728,MRK
2024-04-25,100.74933911076515,MRK
2024-04-26,100.28453259200599,MRK
2024-04-29,98.96906822315847,MRK
2024-04-30,96.78109582317165,MRK
2024-05-01,97.74782665120432,MRK
2024-05-02,96.49220630793717,MRK
2024-05-03,96.48508628416587,MRK
2024-05-06,94.90279733137663,MRK
2024-05-07,97.40858853551347,MRK
2024-05-08,97.03707960271191,MRK
2024-05-09,97.16997782886429,MRK
2024-05-10,98.16907058997373,MRK
2024-05-13,97.53157074877181,MRK
2024-05-14,96.59761925147184,MRK
2024-05-15,97.78498116957324,MRK
2024-05-16,99.07332646369014,MRK
2024-05-17,97.49681462165573,MRK
2024-05-20,99.69591718198178,MRK
2024-05-21,100.99544561108428,MRK
2024-05-22,101.86797728885354,MRK
2024-05-23,103.3579267409043,MRK
2024-05-24,104.64966050804938,MRK
2024-05-27,105.27855253652702,MRK
2024-05-28,105.34282538879029,MRK
2024-05-29,106.45346853034982,MRK
2024-05-30,108.82617837558287,MRK
2024-05-31,111.269611484485,MRK
2024-06-03,111.57367115463887,MRK
2024-06-04,113.2074666128262,MRK
2024-06-05,109.58414937242439,MRK
2024-06-06,111.4828430194467,MRK
2024-06-07,110.48504276190997,MRK
2024-06-10,113.66346678107266,MRK
2024-06-11,113.27869781968508,MRK
2024-06-12,113.1493659969932,MRK
2024-06-13,112.69683844894597,MRK
2024-06-14,112.11362874004053,MRK
2024-06-17,112.89436932325128,MRK
2024-06-18,112.64399280395715,MRK
2024-06-19,114.71039361172024,MRK
2024-06-20,116.47760895984041,MRK
2024-06-21,117.65196820941148,MRK
2024-06-24,117.25399945115582,MRK
2024-06-25,116.42085698862536,MRK
2024-06-26,117.49445888628657,MRK
2024-06-27,113.91979862903926,MRK
2024-06-28,113.05337756039971,MRK
2024-07-01,112.3196111165667,MRK
2024-07-02,111.25829060256058,MRK
2024-07-03,108.56298353787558,MRK
2024-07-04,106.93126633765914,MRK
2024-07-05,105.37941644363652,MRK
2024-07-08,105.61142187991183,MRK
2024-07-09,106.39638242539704,MRK
2024-07-10,108.43607535699223,MRK
2024-07-11,108.63325248988998,MRK
2024-07-12,108.21469072343396,MRK
2024-07-15,108.83151241202759,MRK
2024-07-16,108.69362343362361,MRK
2024-07-17,106.85985262562727,MRK
2024-07-18,106.97256882203578,MRK
2024-07-19,107.34196414971427,MRK
2024-07-22,105.24040041858261,MRK
2024-07-23,106.91309765549411,MRK
2024-07-24,105.98836800083379,MRK
2024-07-25,104.55855426558016,MRK
2024-07-26,103.57110554405573,MRK
2024-07-29,106.7891127010181,MRK
2024-07-30,106.20339937012017,MRK
2024-07-31,105.24299719808714,MRK
2024-08-01,105.50398267933775,MRK
2024-08-02,106.08142803611926,MRK
2024-08-05,109.11881945861347,MRK
2024-08-06,107.84679890190955,MRK
2024-08-07,107.11423331359647,MRK
2024-08-08,109.02837779812798,MRK
2024-08-09,109.82011218990198,MRK
2024-08-12,110.50791978074392,MRK
2024-08-13,111.58703251891521,MRK
2024-08-14,113.1651148507696,MRK
2024-08-15,113.11513307233102,MRK
2024-08-16,114.52794273469613,MRK
2024-08-19,115.6533759489459,MRK
2024-08-20,116.01147546445775,MRK
2024-08-21,119.58291907054846,MRK
2024-08-22,121.67227717109085,MRK
2024-08-23,122.55089482958519,MRK
2024-08-26,124.36437375753165,MRK
2024-08-27,125.6654042534019,MRK
2024-08-28,126.32017839448338,MRK
2024-08-29,129.1688697786023,MRK
2024-08-30,126.161704876729,MRK
2024-09-02,128.4242711824461,MRK
2024-09-03,129.8185509277124,MRK
2024-09-04,129.40047008643637,MRK
2024-09-05,130.35902665913366,MRK
2024-09-06,128.73440358230494,MRK
2024-09-09,129.85877486659598,MRK
2024-09-10,131.7315252706648,MRK
2024-09-11,131.26030997642783,MRK
2024-09-12,128.9948350206248,MRK
2024-09-13,129.56781521290992,MRK
2024-09-16,129.84112963978606,MRK
2024-09-17,130.51279326478127,MRK
2024-09-18,131.47151669653027,MRK
2024-09-19,134.88657545766955,MRK
2024-09-20,136.72808664605594,MRK
2024-09-23,135.14663210245152,MRK
2024-09-24,137.87938264433274,MRK
2024-09-25,138.41842210577983,MRK
2024-09-26,138.96347964635396,MRK
2024-09-27,141.39864637284109,MRK
2024-09-30,142.76055121516842,MRK
2024-10-01,143.8045125025091,MRK
2024-10-02,144.2651978513232,MRK
2024-10-03,142.15945519120442,MRK
2024-10-04,144.40564835002166,MRK
2024-10-07,144.2156546087282,MRK
2024-10-08,145.5910786901767,MRK
2024-10-09,144.86475260402776,MRK
2024-10-10,147.2739645944125,MRK
2024-10-11,147.75354679621336,MRK
2024-10-14,146.70660602097075,MRK
2024-10-15,146.49990175493835,MRK
2024-10-16,145.3012045854466,MRK
2024-10-17,145.3266113323411,MRK
2024-10-18,146.0490490839324,MRK
2024-10-21,143.3667000509466,MRK
2024-10-22,143.8979795408444,MRK
2024-10-23,144.18067489825222,MRK
2024-10-24,144.25489612751528,MRK
2024-10-25,146.53922775578445,MRK
2024-10-28,146.64523794709254,MRK
2024-10-29,145.75030548651145,MRK
2024-10-30,145.5049511431331,MRK
2024-10-31,145.87992310435604,MRK
2024-11-01,146.29590915005082,MRK
2024-11-04,148.2709727035987,MRK
2024-11-05,149.0200356094113,MRK
2024-11-06,148.0521830226681,MRK
2024-11-07,147.47817967894684,MRK
2024-11-08,148.03780299857806,MRK
2024-11-11,150.8114861321277,MRK
2024-11-12,148.93705433464714,MRK
2024-11-13,148.97058903111554,MRK
2024-11-14,151.4814849065678,MRK
2024-11-15,149.77279109501265,MRK
2024-11-18,144.68125267278978,MRK
2024-11-19,143.83086653369128,MRK
2024-11-20,143.08279490397726,MRK
2024-11-21,145.22515041050406,MRK
2024-11-22,146.8955276054669,MRK
2024-11-25,146.27172392720587,MRK
2024-11-26,148.45903389247417,MRK
2024-11-27,146.78614665749302,MRK
2024-11-28,146.9807541019469,MRK
2024-11-29,146.64759929350527,MRK
2024-12-02,146.70195298435516,MRK
2024-12-03,148.16211753289804,MRK
2024-12-04,150.05845189305774,MRK
2024-12-05,147.56234315935063,MRK
2024-12-06,146.0482255403078,MRK
2024-12-09,145.89774191275916,MRK
2024-12-10,145.50262406068407,MRK
2024-12-11,145.40964753358995,MRK
2024-12-12,145.14336547576553,MRK
2024-12-13,143.23358318623062,MRK
2024-12-16,141.1853692501722,MRK
2024-12-17,140.34676033278694,MRK
2024-12-18,142.50310133015273,MRK
2024-12-19,141.7694406605538,MRK
2024-12-20,139.5630611525405,MRK
2024-12-23,138.2570233626724,MRK
2024-12-24,137.80132334507644,MRK
2024-12-25,139.25976386371315,MRK
2024-12-26,140.30447830726288,MRK
2024-12-27,141.77875758826877,MRK
2024-12-30,140.5384400726481,MRK
2024-12-31,143.42200866672448,MRK
2025-01-01,143.99118521929068,MRK
2025-01-02,145.75955359363027,MRK
2025-01-03,145.9933603304571,MRK
2025-01-06,147.65449604866848,MRK
2025-01-07,146.78770369822178,MRK
2025-01-08,147.1128369128863,MRK
2025-01-09,145.49497026377185,MRK
2025-01-10,146.2058076978641,MRK
2025-01-13,148.7645335300953,MRK
2025-01-14,150.0777083001942,MRK
2025-01-15,149.4809178386078,MRK
2025-01-16,147.2335211625924,MRK
2025-01-17,144.14752468873775,MRK
2025-01-20,146.77838083613594,MRK
2025-01-21,146.95916537129014,MRK
2025-01-22,146.2408596723122,MRK
2025-01-23,144.52806652828582,MRK
2025-01-24,145.06962463372696,MRK
2025-01-27,145.01161300373326,MRK
2025-01-28,146.4509024923422,MRK
2025-01-29,146.28797957748776,MRK
2025-01-30,144.6126377418177,MRK
2025-01-31,143.2997853858834,MRK
2025-02-03,141.6376297959828,MRK
2025-02-04,141.518189874967,MRK
2025-02-05,142.19043797937059,MRK
2025-02-06,141.96379181286324,MRK
2025-02-07,142.50197791177706,MRK
2025-02-10,142.08599950450906,MRK
2025-02-11,143.03875066483863,MRK
2025-02-12,145.15519004396202,MRK
2025-02-13,145.80811859934448,MRK
2025-02-14,146.35649375052176,MRK
2025-02-17,143.6291804299483,MRK
2025-02-18,141.3898650249901,MRK
2025-02-19,142.88697398204596,MRK
2025-02-20,144.13320538926473,MRK
2025-02-21,146.05884227509185,MRK
2025-02-24,146.89727921546057,MRK
2025-02-25,147.3301479988932,MRK
2025-02-26,148.34699902605445,MRK
2025-02-27,151.1980925702668,MRK
2025-02-28,152.85260815223677,MRK
2025-03-03,152.61091833855818,MRK
2025-03-04,153.27177937307965,MRK
2025-03-05,152.13903661697464,MRK
2025-03-06,151.6682449550049,MRK
2025-03-07,150.4630705726786,MRK
2025-03-10,152.60458185801227,MRK
2025-03-11,152.8480506539836,MRK
2025-03-12,154.81832444189956,MRK
2025-03-13,156.24301604093208,MRK
2025-03-14,159.65496924127712,MRK
2025-03-17,159.52300295213252,MRK
2025-03-18,156.17457123179037,MRK
2025-03-19,152.70799668874716,MRK
2025-03-20,155.0732175838517,MRK
2025-03-21,154.67747743372445,MRK
2025-03-24,154.67910405880647,MRK
2025-03-25,154.48454417230005,MRK
2025-03-26,153.09688645185247,MRK
2025-03-27,151.74987868986176,MRK
2025-03-28,151.28733627564398,MRK
2025-03-31,151.88745439546798,MRK
2025-04-01,149.64598457751546,MRK
2025-04-02,150.49604165519415,MRK
2025-04-03,153.15683759242438,MRK
2025-04-04,150.63958153859284,MRK
2025-04-07,151.3947005340681,MRK
2025-04-08,151.15538081437154,MRK
2025-04-09,149.54720704523675,MRK
2025-04-10,149.90310106553483,MRK
2025-04-11,150.56862531509603,MRK
2025-04-14,151.02760421271586,MRK
2025-04-15,150.5406923228818,MRK
2025-04-16,149.7078411212045,MRK
2025-04-17,148.64323846529837,MRK
2025-04-18,147.80802400735072,MRK
2025-04-21,145.53162520492378,MRK
2025-04-22,147.21284395991873,MRK
2025-04-23,147.26881764541508,MRK
2025-04-24,146.4537120950621,MRK
2025-04-25,145.50426217439664,MRK
2025-04-28,147.0145498489203,MRK
2025-04-29,143.84255429590942,MRK
2025-04-30,144.84478578854902,MRK
2025-05-01,147.54815211923594,MRK
2024-01-01,99.362325306504,AMZN
2024-01-02,98.88468401386812,AMZN
2024-01-03,99.38324981177128,AMZN
2024-01-04,101.73361680130927,AMZN
2024-01-05,101.5581219266835,AMZN
2024-01-08,104.00841741836808,AMZN
2024-01-09,104.81837230458916,AMZN
2024-01-10,105.64632096626949,AMZN
2024-01-11,105.41434363862757,AMZN
2024-01-12,106.01359758403726,AMZN
2024-01-15,105.77397469225959,AMZN
2024-01-16,106.89702936298737,AMZN
2024-01-17,106.33847211178878,AMZN
2024-01-18,105.26431795475449,AMZN
2024-01-19,105.60989599274846,AMZN
2024-01-22,104.57973606617927,AMZN
2024-01-23,104.33831266423407,AMZN
2024-01-24,105.43457245745503,AMZN
2024-01-25,102.67053937193108,AMZN
2024-01-26,104.3470549533917,AMZN
2024-01-29,104.09558493180123,AMZN
2024-01-30,103.31143988507016,AMZN
2024-01-31,105.63162050413644,AMZN
2024-02-01,105.87689588061792,AMZN
2024-02-02,107.16152240343833,AMZN
2024-02-05,105.48591853078504,AMZN
2024-02-06,102.09600438265214,AMZN
2024-02-07,102.96571857993015,AMZN
2024-02-08,105.5708895585994,AMZN
2024-02-09,105.86378087081873,AMZN
2024-02-12,105.30801908100945,AMZN
2024-02-13,104.646841533127,AMZN
2024-02-14,104.56624669428405,AMZN
2024-02-15,105.42592397134904,AMZN
2024-02-16,105.3042423322419,AMZN
2024-02-19,104.87193493872769,AMZN
2024-02-20,104.61445065612061,AMZN
2024-02-21,104.29031845641175,AMZN
2024-02-22,103.24510167556757,AMZN
2024-02-23,103.07767428061605,AMZN
2024-02-26,104.20476845602295,AMZN
2024-02-27,102.5055592444202,AMZN
2024-02-28,102.42025045069617,AMZN
2024-02-29,103.0896210072592,AMZN
2024-03-01,104.85616759837794,AMZN
2024-03-04,105.49532162822145,AMZN
2024-03-05,105.53281734629466,AMZN
2024-03-06,108.71024727499695,AMZN
2024-03-07,108.44385759593271,AMZN
2024-03-08,110.28238267497701,AMZN
2024-03-11,109.00977108599584,AMZN
2024-03-12,111.2561793925487,AMZN
2024-03-13,112.1019144522935,AMZN
2024-03-14,116.61280555718666,AMZN
2024-03-15,117.50211444172368,AMZN
2024-03-18,117.08693766772095,AMZN
2024-03-19,118.51723227318249,AMZN
2024-03-20,117.96052131222983,AMZN
2024-03-21,117.66539500768667,AMZN
2024-03-22,118.65671813677898,AMZN
2024-03-25,120.59771391488471,AMZN
2024-03-26,122.0122505079342,AMZN
2024-03-27,125.37227619099188,AMZN
2024-03-28,123.54458807475503,AMZN
2024-03-29,121.38915109244384,AMZN
2024-04-01,120.30934009330565,AMZN
2024-04-02,117.88360350513152,AMZN
2024-04-03,118.01204376428382,AMZN
2024-04-04,118.20727126375438,AMZN
2024-04-05,118.67395725913097,AMZN
2024-04-08,117.73059089489219,AMZN
2024-04-09,117.95382872396318,AMZN
2024-04-10,120.69277818828787,AMZN
2024-04-11,122.14591072325076,AMZN
2024-04-12,123.18889657542775,AMZN
2024-04-15,123.73128987706806,AMZN
2024-04-16,124.70651198738008,AMZN
2024-04-17,122.92287029894811,AMZN
2024-04-18,120.88898751841015,AMZN
2024-04-19,119.02729743116271,AMZN
2024-04-22,119.05186582953974,AMZN
2024-04-23,116.70669088362001,AMZN
2024-04-24,115.84145587008184,AMZN
2024-04-25,114.5480312951471,AMZN
2024-04-26,115.57460265748259,AMZN
2024-04-29,116.91267573372104,AMZN
2024-04-30,117.06066826109513,AMZN
2024-05-01,117.30775956871886,AMZN
2024-05-02,114.67150247974382,AMZN
2024-05-03,115.1808039028147,AMZN
2024-05-06,116.10192111765319,AMZN
2024-05-07,115.15734778199118,AMZN
2024-05-08,116.63829788245093,AMZN
2024-05-09,117.58835081818971,AMZN
2024-05-10,116.31791782197678,AMZN
2024-05-13,117.58541509488907,AMZN
2024-05-14,120.34188899699129,AMZN
2024-05-15,120.30546793548503,AMZN
2024-05-16,121.69775996167057,AMZN
2024-05-17,120.14782444566114,AMZN
2024-05-20,121.40659235511185,AMZN
2024-05-21,121.09759829598632,AMZN
2024-05-22,120.73314915152223,AMZN
2024-05-23,118.5231956040505,AMZN
2024-05-24,118.84861363861778,AMZN
2024-05-27,116.3725479891884,AMZN
2024-05-28,113.7398450559443,AMZN
2024-05-29,116.37911444936495,AMZN
2024-05-30,115.62854976151233,AMZN
2024-05-31,114.76858760159598,AMZN
2024-06-03,113.42065771173598,AMZN
2024-06-04,115.27959863139515,AMZN
2024-06-05,114.91539102540702,AMZN
2024-06-06,115.90926531752889,AMZN
2024-06-07,115.4375107212564,AMZN
2024-06-10,118.1210286935494,AMZN
2024-06-11,118.17078015660786,AMZN
2024-06-12,119.20407334298083,AMZN
2024-06-13,118.764525144219,AMZN
2024-06-14,119.31626361022506,AMZN
2024-06-17,119.29658512791808,AMZN
2024-06-18,116.41689332047314,AMZN
2024-06-19,117.31426849419259,AMZN
2024-06-20,118.43808537452234,AMZN
2024-06-21,117.38901678659221,AMZN
2024-06-24,118.54647912835584,AMZN
2024-06-25,120.58834421754014,AMZN
2024-06-26,119.54079619168297,AMZN
2024-06-27,119.45753882716203,AMZN
2024-06-28,121.47268493760052,AMZN
2024-07-01,123.12686409998479,AMZN
2024-07-02,122.05300754516273,AMZN
2024-07-03,121.6411738241449,AMZN
2024-07-04,122.87626844616355,AMZN
2024-07-05,123.26095112872667,AMZN
2024-07-08,125.11120112369655,AMZN
2024-07-09,125.08294732747538,AMZN
2024-07-10,126.67590578175248,AMZN
2024-07-11,127.79492496838346,AMZN
2024-07-12,127.7531585944191,AMZN
2024-07-15,126.30323916420777,AMZN
2024-07-16,126.98279720128905,AMZN
2024-07-17,125.46545695331706,AMZN
2024-07-18,128.26158643594613,AMZN
2024-07-19,129.55825066571134,AMZN
2024-07-22,129.1187771409127,AMZN
2024-07-23,130.24578769409982,AMZN
2024-07-24,130.43894169818364,AMZN
2024-07-25,129.65762402635164,AMZN
2024-07-26,129.24441969513214,AMZN
2024-07-29,128.8993812068402,AMZN
2024-07-30,129.86873193332184,AMZN
2024-07-31,128.71932665994535,AMZN
2024-08-01,127.78632241903414,AMZN
2024-08-02,127.18670355385883,AMZN
2024-08-05,128.26843671630536,AMZN
2024-08-06,126.63296877626188,AMZN
2024-08-07,125.59933672814918,AMZN
2024-08-08,126.17018287137057,AMZN
2024-08-09,128.09665519164142,AMZN
2024-08-12,130.8657231524323,AMZN
2024-08-13,131.30412841856017,AMZN
2024-08-14,131.06330901677083,AMZN
2024-08-15,129.34007766552364,AMZN
2024-08-16,131.19483073232414,AMZN
2024-08-19,131.96877014950266,AMZN
2024-08-20,131.67137810917555,AMZN
2024-08-21,131.1051662968045,AMZN
2024-08-22,132.27865842332005,AMZN
2024-08-23,131.68613564523625,AMZN
2024-08-26,130.40858864082162,AMZN
2024-08-27,130.3347967510622,AMZN
2024-08-28,128.79316014677175,AMZN
2024-08-29,127.16808814201464,AMZN
2024-08-30,127.97059631312774,AMZN
2024-09-02,128.4632578808244,AMZN
2024-09-03,129.4856745753961,AMZN
2024-09-04,128.59419560151238,AMZN
2024-09-05,127.56545866719479,AMZN
2024-09-06,126.1588050033738,AMZN
2024-09-09,123.89899711736052,AMZN
2024-09-10,121.53032857419947,AMZN
2024-09-11,120.01006514893304,AMZN
2024-09-12,120.68373506337952,AMZN
2024-09-13,119.97654465759031,AMZN
2024-09-16,120.24075943178777,AMZN
2024-09-17,120.36317820508825,AMZN
2024-09-18,120.20508207841408,AMZN
2024-09-19,121.80654598416537,AMZN
2024-09-20,120.86930064851228,AMZN
2024-09-23,121.46722298986447,AMZN
2024-09-24,119.61234745286704,AMZN
2024-09-25,119.517378300704,AMZN
2024-09-26,116.17443520077977,AMZN
2024-09-27,114.98135572183462,AMZN
2024-09-30,115.21391299839637,AMZN
2024-10-01,112.65808762583433,AMZN
2024-10-02,115.30690177735913,AMZN
2024-10-03,112.4908460243426,AMZN
2024-10-04,112.74642532639874,AMZN
2024-10-07,114.6367486476966,AMZN
2024-10-08,114.58109482015439,AMZN
2024-10-09,112.94426530060657,AMZN
2024-10-10,111.28714025488836,AMZN
2024-10-11,110.88363550494543,AMZN
2024-10-14,110.97936779697977,AMZN
2024-10-15,109.00118025894491,AMZN
2024-10-16,107.8549213534311,AMZN
2024-10-17,108.2479890528776,AMZN
2024-10-18,109.518986371508,AMZN
2024-10-21,110.7743197972141,AMZN
2024-10-22,109.43091117689221,AMZN
2024-10-23,110.46256078903096,AMZN
2024-10-24,109.35535630599313,AMZN
2024-10-25,109.446425052187,AMZN
2024-10-28,111.71131993865458,AMZN
2024-10-29,115.16334028067175,AMZN
2024-10-30,113.64889187537655,AMZN
2024-10-31,114.48866980925804,AMZN
2024-11-01,114.9677726545041,AMZN
2024-11-04,114.44039935708076,AMZN
2024-11-05,115.21245533337725,AMZN
2024-11-06,115.12883156935206,AMZN
2024-11-07,115.85417660430734,AMZN
2024-11-08,113.98313981139934,AMZN
2024-11-11,114.15887366339449,AMZN
2024-11-12,112.96571598813213,AMZN
2024-11-13,115.26262991121199,AMZN
2024-11-14,113.8238511458775,AMZN
2024-11-15,114.37235852417336,AMZN
2024-11-18,113.86866782362053,AMZN
2024-11-19,113.41840762343017,AMZN
2024-11-20,112.94568496412415,AMZN
2024-11-21,113.76765364797063,AMZN
2024-11-22,113.51875618979648,AMZN
2024-11-25,114.35277090814039,AMZN
2024-11-26,116.69003999556958,AMZN
2024-11-27,116.81886037965033,AMZN
2024-11-28,118.06211305017314,AMZN
2024-11-29,117.38923151661912,AMZN
2024-12-02,116.96373714963794,AMZN
2024-12-03,119.10860885689624,AMZN
2024-12-04,118.47663147417263,AMZN
2024-12-05,117.78126801713114,AMZN
2024-12-06,119.56262568559316,AMZN
2024-12-09,119.75655130719339,AMZN
2024-12-10,118.20082700051503,AMZN
2024-12-11,117.10718811406551,AMZN
2024-12-12,116.19047615980719,AMZN
2024-12-13,115.52630970599358,AMZN
2024-12-16,115.88366424032358,AMZN
2024-12-17,115.68771841411566,AMZN
2024-12-18,117.76605574637345,AMZN
2024-12-19,118.65292015707536,AMZN
2024-12-20,114.92729518699035,AMZN
2024-12-23,113.5735117402721,AMZN
2024-12-24,115.96616264991994,AMZN
2024-12-25,115.52591525529839,AMZN
2024-12-26,117.14700326849552,AMZN
2024-12-27,116.85879398338096,AMZN
2024-12-30,116.88750352311843,AMZN
2024-12-31,115.7919504980241,AMZN
2025-01-01,117.74756589427722,AMZN
2025-01-02,117.99993269520346,AMZN
2025-01-03,119.44832385339406,AMZN
2025-01-06,121.70576963157497,AMZN
2025-01-07,120.7914756006131,AMZN
2025-01-08,120.19197737601417,AMZN
2025-01-09,121.56346041132161,AMZN
2025-01-10,117.34527834302249,AMZN
2025-01-13,117.81957180099816,AMZN
2025-01-14,115.94105663026951,AMZN
2025-01-15,117.52552578353226,AMZN
2025-01-16,120.25562210383366,AMZN
2025-01-17,123.13324602738103,AMZN
2025-01-20,124.48685566478446,AMZN
2025-01-21,124.87369769561026,AMZN
2025-01-22,123.12860503628205,AMZN
2025-01-23,123.5260553497635,AMZN
2025-01-24,125.4574519738224,AMZN
2025-01-27,126.34104304610321,AMZN
2025-01-28,124.30269534614732,AMZN
2025-01-29,125.13457565056542,AMZN
2025-01-30,125.10813450381312,AMZN
2025-01-31,125.09277127418704,AMZN
2025-02-03,124.39099266896415,AMZN
2025-02-04,124.31011271743606,AMZN
2025-02-05,124.00121042114284,AMZN
2025-02-06,124.1278859909446,AMZN
2025-02-07,123.64492542651718,AMZN
2025-02-10,121.78939187711238,AMZN
2025-02-11,120.72510911118736,AMZN
2025-02-12,119.41177007636466,AMZN
2025-02-13,120.97143535378228,AMZN
2025-02-14,123.62093952561469,AMZN
2025-02-17,121.70654470145912,AMZN
2025-02-18,124.31331599894321,AMZN
2025-02-19,124.21818946301057,AMZN
2025-02-20,126.30887004638846,AMZN
2025-02-21,126.34596233923223,AMZN
2025-02-24,126.40122308756546,AMZN
2025-02-25,126.02006419880058,AMZN
2025-02-26,127.49923418826333,AMZN
2025-02-27,130.6807315857713,AMZN
2025-02-28,130.39527474335472,AMZN
2025-03-03,130.29667180848983,AMZN
2025-03-04,130.6430450081887,AMZN
2025-03-05,130.0762547921296,AMZN
2025-03-06,129.26568662859657,AMZN
2025-03-07,130.05663339981658,AMZN
2025-03-10,128.85427573119608,AMZN
2025-03-11,127.10788319378688,AMZN
2025-03-12,128.49308657647902,AMZN
2025-03-13,128.80016468285424,AMZN
2025-03-14,130.62490196750565,AMZN
2025-03-17,129.15215492038485,AMZN
2025-03-18,127.36364829047031,AMZN
2025-03-19,129.63175102133243,AMZN
2025-03-20,128.3312409176649,AMZN
2025-03-21,129.9632612022507,AMZN
2025-03-24,129.84179126813956,AMZN
2025-03-25,130.3152883577499,AMZN
2025-03-26,126.99136241976406,AMZN
2025-03-27,126.86718804188855,AMZN
2025-03-28,125.93024106187572,AMZN
2025-03-31,124.39913811822294,AMZN
2025-04-01,126.10332741623333,AMZN
2025-04-02,125.56891314511975,AMZN
2025-04-03,125.84249843629773,AMZN
2025-04-04,124.7878491350074,AMZN
2025-04-07,124.4970029341361,AMZN
2025-04-08,124.93652726516868,AMZN
2025-04-09,124.00531196131816,AMZN
2025-04-10,125.53580419639898,AMZN
2025-04-11,123.97135415422379,AMZN
2025-04-14,125.98919011043645,AMZN
2025-04-15,126.25346367380769,AMZN
2025-04-16,129.25757174759912,AMZN
2025-04-17,130.17916645522678,AMZN
2025-04-18,133.14526784076048,AMZN
2025-04-21,132.95544956841331,AMZN
2025-04-22,133.30681536772096,AMZN
2025-04-23,134.2860509791659,AMZN
2025-04-24,135.88982790863915,AMZN
2025-04-25,137.35766918176233,AMZN
2025-04-28,137.18719260381164,AMZN
2025-04-29,138.54442353190595,AMZN
2025-04-30,137.57050222233042,AMZN
2025-05-01,138.91064803104777,AMZN
2024-01-01,101.50796770459081,INTC
2024-01-02,98.79777648048886,INTC
2024-01-03,98.13532124014357,INTC
2024-01-04,95.52862444241941,INTC
2024-01-05,93.52985252812626,INTC
2024-01-08,93.98411825360172,INTC
2024-01-09,96.35060979464369,INTC
2024-01-10,95.13378231667161,INTC
2024-01-11,94.17171850069181,INTC
2024-01-12,95.01247862316337,INTC
2024-01-15,94.61753868444136,INTC
2024-01-16,98.0815852893331,INTC
2024-01-17,97.96402306638873,INTC
2024-01-18,101.61776865057575,INTC
2024-01-19,98.9930462120083,INTC
2024-01-22,98.16973771122912,INTC
2024-01-23,97.67737256466224,INTC
2024-01-24,99.3221811552105,INTC
2024-01-25,100.35281391920189,INTC
2024-01-26,101.01824058255106,INTC
2024-01-29,100.46555794067058,INTC
2024-01-30,101.95918210686078,INTC
2024-01-31,101.19943242308611,INTC
2024-02-01,99.90806681389468,INTC
2024-02-02,102.57897560316306,INTC
2024-02-05,104.36578156459282,INTC
2024-02-06,106.45363658299105,INTC
2024-02-07,106.60829131371099,INTC
2024-02-08,108.11521570368285,INTC
2024-02-09,107.55333900667104,INTC
2024-02-12,106.08342424966023,INTC
2024-02-13,103.55912112596322,INTC
2024-02-14,101.28766946474934,INTC
2024-02-15,101.24891835418879,INTC
2024-02-16,103.59934465096285,INTC
2024-02-19,103.91114233021003,INTC
2024-02-20,102.34088428444244,INTC
2024-02-21,104.8186773156183,INTC
2024-02-22,106.93618185123685,INTC
2024-02-23,108.70943685430518,INTC
2024-02-26,106.8261022615059,INTC
2024-02-27,105.86657716603895,INTC
2024-02-28,107.15516499450771,INTC
2024-02-29,106.19025521740359,INTC
2024-03-01,108.66707455973595,INTC
2024-03-04,108.96170743624104,INTC
2024-03-05,111.6165940309866,INTC
2024-03-06,112.1218791318879,INTC
2024-03-07,112.92915523100636,INTC
2024-03-08,112.33993707700834,INTC
2024-03-11,112.18966346698005,INTC
2024-03-12,113.32783769959525,INTC
2024-03-13,114.89661096361627,INTC
2024-03-14,114.3325877136728,INTC
2024-03-15,114.8649449143929,INTC
2024-03-18,113.86579900948726,INTC
2024-03-19,114.73093439872072,INTC
2024-03-20,115.6725132842368,INTC
2024-03-21,114.41527689946831,INTC
2024-03-22,113.42549036965814,INTC
2024-03-25,114.02815903143576,INTC
2024-03-26,113.49835038571116,INTC
2024-03-27,116.35979653983402,INTC
2024-03-28,116.35273425881051,INTC
2024-03-29,115.65348695127932,INTC
2024-04-01,113.51227961642745,INTC
2024-04-02,115.54102480469096,INTC
2024-04-03,114.28419935320888,INTC
2024-04-04,114.12807130173456,INTC
2024-04-05,112.45910756939843,INTC
2024-04-08,111.0004049615258,INTC
2024-04-09,111.55954094124588,INTC
2024-04-10,111.78607672603395,INTC
2024-04-11,110.65601471355525,INTC
2024-04-12,110.26957057088083,INTC
2024-04-15,107.858657428794,INTC
2024-04-16,107.31251436998697,INTC
2024-04-17,105.58235692286243,INTC
2024-04-18,104.44609911954869,INTC
2024-04-19,103.25684334826639,INTC
2024-04-22,103.51168660541437,INTC
2024-04-23,104.42116787462115,INTC
2024-04-24,104.08854213826996,INTC
2024-04-25,104.16609579346823,INTC
2024-04-26,101.34573828405017,INTC
2024-04-29,99.53903640944205,INTC
2024-04-30,102.39738330146363,INTC
2024-05-01,104.1583192397362,INTC
2024-05-02,106.80301373950547,INTC
2024-05-03,107.71129019348935,INTC
2024-05-06,107.29191668378107,INTC
2024-05-07,109.42907984971379,INTC
2024-05-08,108.70684947736989,INTC
2024-05-09,107.93355949166542,INTC
2024-05-10,109.47406144205887,INTC
2024-05-13,110.09575481480204,INTC
2024-05-14,109.97994273854783,INTC
2024-05-15,108.92578252975832,INTC
2024-05-16,108.4939397356941,INTC
2024-05-17,111.59038084968293,INTC
2024-05-20,113.28057339311147,INTC
2024-05-21,113.33772681507361,INTC
2024-05-22,110.96559259137786,INTC
2024-05-23,110.85064923764689,INTC
2024-05-24,112.92628664226707,INTC
2024-05-27,112.03515486136891,INTC
2024-05-28,113.82854010970101,INTC
2024-05-29,115.66262944458053,INTC
2024-05-30,115.68557234132871,INTC
2024-05-31,116.83770909427109,INTC
2024-06-03,117.54993497652697,INTC
2024-06-04,117.74802575144275,INTC
2024-06-05,114.75666533490214,INTC
2024-06-06,114.73823841022832,INTC
2024-06-07,116.46663403804992,INTC
2024-06-10,115.74991311204289,INTC
2024-06-11,117.63442614884167,INTC
2024-06-12,117.75862032529696,INTC
2024-06-13,116.52143975640269,INTC
2024-06-14,117.23250335513757,INTC
2024-06-17,116.92477051942363,INTC
2024-06-18,116.40511079262706,INTC
2024-06-19,113.18212347047039,INTC
2024-06-20,111.7444062725755,INTC
2024-06-21,112.79138630154351,INTC
2024-06-24,112.3959444686789,INTC
2024-06-25,113.82468124688388,INTC
2024-06-26,113.70899817854134,INTC
2024-06-27,112.57356706088859,INTC
2024-06-28,113.24577256241633,INTC
2024-07-01,110.68960487662198,INTC
2024-07-02,112.07545035936714,INTC
2024-07-03,111.87117169529084,INTC
2024-07-04,111.50320590177992,INTC
2024-07-05,110.33422659131115,INTC
2024-07-08,112.54541425282918,INTC
2024-07-09,114.38623590255905,INTC
2024-07-10,115.31501002796611,INTC
2024-07-11,114.57339329967907,INTC
2024-07-12,114.51813980775626,INTC
2024-07-15,114.72554031138654,INTC
2024-07-16,116.29796727909485,INTC
2024-07-17,115.90086810038652,INTC
2024-07-18,115.31562790654927,INTC
2024-07-19,113.66093434183166,INTC
2024-07-22,111.11126018885965,INTC
2024-07-23,109.42778654983303,INTC
2024-07-24,112.16780205796367,INTC
2024-07-25,113.46205950630764,INTC
2024-07-26,113.87641372595301,INTC
2024-07-29,112.09057649139156,INTC
2024-07-30,114.51210033860275,INTC
2024-07-31,114.81478225002668,INTC
2024-08-01,113.290800370148,INTC
2024-08-02,113.25700002365255,INTC
2024-08-05,114.97381177936212,INTC
2024-08-06,115.7120905144625,INTC
2024-08-07,117.3123139584056,INTC
2024-08-08,118.48999615090396,INTC
2024-08-09,116.95907105064202,INTC
2024-08-12,117.47420494125757,INTC
2024-08-13,117.69231711676835,INTC
2024-08-14,118.68806304134338,INTC
2024-08-15,116.51076603789684,INTC
2024-08-16,115.35902024352062,INTC
2024-08-19,113.82670074908529,INTC
2024-08-20,111.71674302969436,INTC
2024-08-21,112.41576895602375,INTC
2024-08-22,110.18559366475917,INTC
2024-08-23,110.69724743625609,INTC
2024-08-26,110.40831068078828,INTC
2024-08-27,110.86673355983557,INTC
2024-08-28,109.91634358077991,INTC
2024-08-29,111.04207695287876,INTC
2024-08-30,110.92966793872256,INTC
2024-09-02,110.91091504610736,INTC
2024-09-03,112.00137764890758,INTC
2024-09-04,112.72242345185867,INTC
2024-09-05,113.86803695423572,INTC
2024-09-06,114.7245668778217,INTC
2024-09-09,117.52831940663637,INTC
2024-09-10,116.66796107240229,INTC
2024-09-11,118.12359193498679,INTC
2024-09-12,116.00605304263212,INTC
2024-09-13,114.87005610485022,INTC
2024-09-16,112.36657856848372,INTC
2024-09-17,114.75396367595751,INTC
2024-09-18,115.46054545189415,INTC
2024-09-19,115.06003288552938,INTC
2024-09-20,116.31531127306341,INTC
2024-09-23,117.70726752946925,INTC
2024-09-24,118.57858318681174,INTC
2024-09-25,116.88102397518172,INTC
2024-09-26,119.2752104625916,INTC
2024-09-27,118.61494528620446,INTC
2024-09-30,116.8131751633694,INTC
2024-10-01,114.04189953926615,INTC
2024-10-02,114.24566745922056,INTC
2024-10-03,115.64419737381705,INTC
2024-10-04,115.70019714523785,INTC
2024-10-07,115.26707524614204,INTC
2024-10-08,117.44928210989116,INTC
2024-10-09,118.05087846643194,INTC
2024-10-10,117.95864149977098,INTC
2024-10-11,118.36754766727536,INTC
2024-10-14,118.07344635674542,INTC
2024-10-15,116.68468889907726,INTC
2024-10-16,117.64446172554386,INTC
2024-10-17,117.45600748520954,INTC
2024-10-18,117.25452284571989,INTC
2024-10-21,119.41439098975451,INTC
2024-10-22,123.70696618884762,INTC
2024-10-23,122.27036926193722,INTC
2024-10-24,119.78494346533483,INTC
2024-10-25,120.46198460086498,INTC
2024-10-28,119.28272317103371,INTC
2024-10-29,118.16172502283621,INTC
2024-10-30,118.04939913572956,INTC
2024-10-31,118.2470957927152,INTC
2024-11-01,116.38152413162364,INTC
2024-11-04,117.95100546084515,INTC
2024-11-05,118.86940543523882,INTC
2024-11-06,119.89789240879296,INTC
2024-11-07,121.3648792976628,INTC
2024-11-08,122.8755458672596,INTC
2024-11-11,121.71472498562423,INTC
2024-11-12,123.13794828493796,INTC
2024-11-13,126.5271669922227,INTC
2024-11-14,128.21014505648944,INTC
2024-11-15,128.96602913349204,INTC
2024-11-18,129.41223172592242,INTC
2024-11-19,130.52320863920926,INTC
2024-11-20,132.97809842479208,INTC
2024-11-21,134.2494361967262,INTC
2024-11-22,135.31100197741245,INTC
2024-11-25,135.84637894380162,INTC
2024-11-26,136.16403281912835,INTC
2024-11-27,133.81879540176973,INTC
2024-11-28,135.1455358021343,INTC
2024-11-29,134.30697830543977,INTC
2024-12-02,133.853274570011,INTC
2024-12-03,135.36815936335478,INTC
2024-12-04,135.48836420564686,INTC
2024-12-05,137.42209024556712,INTC
2024-12-06,137.0969394742302,INTC
2024-12-09,138.3718719940931,INTC
2024-12-10,136.25075362092596,INTC
2024-12-11,136.50696593218473,INTC
2024-12-12,137.42683971595463,INTC
2024-12-13,135.21162796501966,INTC
2024-12-16,133.44301377482788,INTC
2024-12-17,133.45421893169598,INTC
2024-12-18,132.4607591769551,INTC
2024-12-19,129.03943262271258,INTC
2024-12-20,128.20547947227743,INTC
2024-12-23,129.66653673189913,INTC
2024-12-24,130.603136272226,INTC
2024-12-25,130.51906817581494,INTC
2024-12-26,129.17507352315553,INTC
2024-12-27,129.50271320988045,INTC
2024-12-30,128.73976270386808,INTC
2024-12-31,129.61057216878316,INTC
2025-01-01,128.39719271412008,INTC
2025-01-02,125.6632363564814,INTC
2025-01-03,125.50818336463003,INTC
2025-01-06,127.3745906004128,INTC
2025-01-07,126.8606628334317,INTC
2025-01-08,126.48451921525934,INTC
2025-01-09,127.00010841139819,INTC
2025-01-10,128.59253297663503,INTC
2025-01-13,125.89209557303758,INTC
2025-01-14,127.50765635388323,INTC
2025-01-15,128.0718995333038,INTC
2025-01-16,128.23775827145295,INTC
2025-01-17,128.11660831744285,INTC
2025-01-20,128.04099397243561,INTC
2025-01-21,126.82295575334007,INTC
2025-01-22,123.65322961731053,INTC
2025-01-23,122.53551695148464,INTC
2025-01-24,122.43001312712101,INTC
2025-01-27,123.63203229466365,INTC
2025-01-28,124.4409491663038,INTC
2025-01-29,124.03984987295445,INTC
2025-01-30,124.64426947558287,INTC
2025-01-31,124.47755234343303,INTC
2025-02-03,122.01161563332066,INTC
2025-02-04,123.26715228227275,INTC
2025-02-05,124.02886567897369,INTC
2025-02-06,123.27304952415211,INTC
2025-02-07,124.55459285263416,INTC
2025-02-10,126.60601743438573,INTC
2025-02-11,128.45156015336389,INTC
2025-02-12,128.50446058083259,INTC
2025-02-13,126.37233482879148,INTC
2025-02-14,124.24623099554469,INTC
2025-02-17,124.05813530296629,INTC
2025-02-18,127.87331435079872,INTC
2025-02-19,127.2719118483596,INTC
2025-02-20,125.50711457483584,INTC
2025-02-21,126.44170100975573,INTC
2025-02-24,125.05784526217218,INTC
2025-02-25,122.17395234238562,INTC
2025-02-26,122.15268386827415,INTC
2025-02-27,120.60527234764939,INTC
2025-02-28,120.22827698605286,INTC
2025-03-03,118.03753176022187,INTC
2025-03-04,120.86054182056836,INTC
2025-03-05,121.23852997825273,INTC
2025-03-06,121.5621121281733,INTC
2025-03-07,125.2091935969065,INTC
2025-03-10,127.11858462185829,INTC
2025-03-11,126.67369689624022,INTC
2025-03-12,127.43037228207506,INTC
2025-03-13,127.94490517971605,INTC
2025-03-14,126.71966770421744,INTC
2025-03-17,128.4480836360224,INTC
2025-03-18,127.3007423467617,INTC
2025-03-19,128.7224434480121,INTC
2025-03-20,129.72256501455198,INTC
2025-03-21,128.86261546368283,INTC
2025-03-24,129.34798500392728,INTC
2025-03-25,128.65547284824365,INTC
2025-03-26,129.83765209868835,INTC
2025-03-27,129.80697416376762,INTC
2025-03-28,129.10480019035683,INTC
2025-03-31,129.76075265239123,INTC
2025-04-01,130.47949691049936,INTC
2025-04-02,128.17876641362108,INTC
2025-04-03,130.33218677536564,INTC
2025-04-04,129.59106176002135,INTC
2025-04-07,129.46828471335908,INTC
2025-04-08,131.4765450811048,INTC
2025-04-09,132.12274897501817,INTC
2025-04-10,131.05041668544476,INTC
2025-04-11,130.55119014978447,INTC
2025-04-14,130.4864471657748,INTC
2025-04-15,131.69073379112118,INTC
2025-04-16,129.57810722958607,INTC
2025-04-17,129.50528776410366,INTC
2025-04-18,126.72686855289933,INTC
2025-04-21,124.66946189098579,INTC
2025-04-22,121.9471477931647,INTC
2025-04-23,119.99656109794054,INTC
2025-04-24,119.06613865604899,INTC
2025-04-25,117.73826672478053,INTC
2025-04-28,116.94337212429673,INTC
2025-04-29,115.71688437946013,INTC
2025-04-30,116.13348326090947,INTC
2025-05-01,113.40779048738854,INTC
2024-01-01,99.41326697403142,AAPL
2024-01-02,98.30337686317777,AAPL
2024-01-03,97.41413576319351,AAPL
2024-01-04,97.76551013676048,AAPL
2024-01-05,98.52297409877713,AAPL
2024-01-08,97.16388620932173,AAPL
2024-01-09,97.56064989380191,AAPL
2024-01-10,94.80404262650404,AAPL
2024-01-11,92.93079493698403,AAPL
2024-01-12,93.31080056591382,AAPL
2024-01-15,91.45487396932675,AAPL
2024-01-16,91.98505567895056,AAPL
2024-01-17,90.88613663437424,AAPL
2024-01-18,91.02526985364412,AAPL
2024-01-19,92.92758177192424,AAPL
2024-01-22,92.5225950077304,AAPL
2024-01-23,95.5359394101641,AAPL
2024-01-24,94.98664046598783,AAPL
2024-01-25,95.06352891198719,AAPL
2024-01-26,94.62412138610577,AAPL
2024-01-29,93.97604133426768,AAPL
2024-01-30,93.7042549505823,AAPL
2024-01-31,94.56566918059089,AAPL
2024-02-01,93.48858053890795,AAPL
2024-02-02,93.52396197445476,AAPL
2024-02-05,94.89274626775253,AAPL
2024-02-06,95.71543221360469,AAPL
2024-02-07,96.60283567113056,AAPL
2024-02-08,95.04720067898067,AAPL
2024-02-09,93.35938133986072,AAPL
2024-02-12,92.10830754194023,AAPL
2024-02-13,92.63273800101854,AAPL
2024-02-14,93.23345544702588,AAPL
2024-02-15,93.4589437631826,AAPL
2024-02-16,93.48578946486248,AAPL
2024-02-19,94.0622923614232,AAPL
2024-02-20,94.03642523522193,AAPL
2024-02-21,94.76217306114616,AAPL
2024-02-22,96.37159396315131,AAPL
2024-02-23,95.52439955369697,AAPL
2024-02-26,95.00962355500008,AAPL
2024-02-27,94.0864237654034,AAPL
2024-02-28,93.43745414766624,AAPL
2024-02-29,93.77074449868523,AAPL
2024-03-01,93.57027781107502,AAPL
2024-03-04,94.17375344541348,AAPL
2024-03-05,95.96284923084137,AAPL
2024-03-06,96.5427339089211,AAPL
2024-03-07,94.8790472878156,AAPL
2024-03-08,96.91020617117167,AAPL
2024-03-11,95.21228455139075,AAPL
2024-03-12,95.01966232426156,AAPL
2024-03-13,95.12253634027937,AAPL
2024-03-14,92.69206281392964,AAPL
2024-03-15,93.43025668647635,AAPL
2024-03-18,94.7037666164286,AAPL
2024-03-19,95.88285505009918,AAPL
2024-03-20,98.47131004640335,AAPL
2024-03-21,98.5166886275237,AAPL
2024-03-22,98.23959999939888,AAPL
2024-03-25,96.88322872793619,AAPL
2024-03-26,96.06874664714059,AAPL
2024-03-27,93.11165147514143,AAPL
2024-03-28,93.0813891351778,AAPL
2024-03-29,92.65781206326002,AAPL
2024-04-01,93.67394538416366,AAPL
2024-04-02,92.53588625186201,AAPL
2024-04-03,90.93313146397526,AAPL
2024-04-04,94.11484972966466,AAPL
2024-04-05,94.24631938528248,AAPL
2024-04-08,93.45118181541196,AAPL
2024-04-09,93.21290727447824,AAPL
2024-04-10,93.31747102734462,AAPL
2024-04-11,94.28767850234723,AAPL
2024-04-12,96.0891560697876,AAPL
2024-04-15,98.07398299076556,AAPL
2024-04-16,100.66060210989272,AAPL
2024-04-17,101.10725418521207,AAPL
2024-04-18,100.07144993041685,AAPL
2024-04-19,100.59272098421398,AAPL
2024-04-22,101.64074664933095,AAPL
2024-04-23,99.63808399096142,AAPL
2024-04-24,98.50678836755628,AAPL
2024-04-25,99.32770246016167,AAPL
2024-04-26,99.41592805900241,AAPL
2024-04-29,98.5286819300912,AAPL
2024-04-30,98.1602598556483,AAPL
2024-05-01,96.88758602129543,AAPL
2024-05-02,97.54997251961126,AAPL
2024-05-03,99.88277347124396,AAPL
2024-05-06,99.52785943797294,AAPL
2024-05-07,96.88661324035668,AAPL
2024-05-08,99.2197311966519,AAPL
2024-05-09,98.44662329948675,AAPL
2024-05-10,98.86873521925149,AAPL
2024-05-13,97.04862065230104,AAPL
2024-05-14,96.20049975838737,AAPL
2024-05-15,96.64707981509468,AAPL
2024-05-16,96.68210188421104,AAPL
2024-05-17,97.19589555611083,AAPL
2024-05-20,95.18017007199033,AAPL
2024-05-21,94.65402363514546,AAPL
2024-05-22,95.11210328525833,AAPL
2024-05-23,95.82597668131412,AAPL
2024-05-24,94.15112237383994,AAPL
2024-05-27,94.01432309948451,AAPL
2024-05-28,93.99401759456477,AAPL
2024-05-29,93.01291293515476,AAPL
2024-05-30,90.80889498592633,AAPL
2024-05-31,90.23810047221774,AAPL
2024-06-03,93.40443978247215,AAPL
2024-06-04,93.80285995872008,AAPL
2024-06-05,94.19186216375368,AAPL
2024-06-06,96.50275617377581,AAPL
2024-06-07,96.78788392020799,AAPL
2024-06-10,93.94809731624886,AAPL
2024-06-11,90.18209728705204,AAPL
2024-06-12,89.89822545984379,AAPL
2024-06-13,88.48632524480558,AAPL
2024-06-14,89.04506130791239,AAPL
2024-06-17,86.28339852197252,AAPL
2024-06-18,88.2932629482014,AAPL
2024-06-19,90.11748770813149,AAPL
2024-06-20,91.28353100812195,AAPL
2024-06-21,92.65072177918742,AAPL
2024-06-24,89.96417622002238,AAPL
2024-06-25,88.84058093631627,AAPL
2024-06-26,87.76789583847375,AAPL
2024-06-27,84.43487543836139,AAPL
2024-06-28,84.9640583088787,AAPL
2024-07-01,83.63262889572239,AAPL
2024-07-02,84.51734162042047,AAPL
2024-07-03,83.70097964330027,AAPL
2024-07-04,82.65249338094317,AAPL
2024-07-05,79.67230473825035,AAPL
2024-07-08,80.79584193671984,AAPL
2024-07-09,80.77066786589643,AAPL
2024-07-10,80.01988856487543,AAPL
2024-07-11,78.76236581222537,AAPL
2024-07-12,78.50895049841878,AAPL
2024-07-15,82.06197685521687,AAPL
2024-07-16,80.72231492016064,AAPL
2024-07-17,81.39880036981981,AAPL
2024-07-18,81.08457011286987,AAPL
2024-07-19,82.11770875724444,AAPL
2024-07-22,83.48857117214095,AAPL
2024-07-23,82.74280053900542,AAPL
2024-07-24,83.37762561594236,AAPL
2024-07-25,81.90280935415099,AAPL
2024-07-26,81.31220010453755,AAPL
2024-07-29,78.78495217574226,AAPL
2024-07-30,76.934628157668,AAPL
2024-07-31,76.32124277762995,AAPL
2024-08-01,78.1366479599995,AAPL
2024-08-02,78.59010076544881,AAPL
2024-08-05,78.88663613198487,AAPL
2024-08-06,78.57634719772985,AAPL
2024-08-07,74.00835323447498,AAPL
2024-08-08,73.87753403363169,AAPL
2024-08-09,74.4752649474207,AAPL
2024-08-12,75.56226676098417,AAPL
2024-08-13,75.24916631026082,AAPL
2024-08-14,76.71160796887072,AAPL
2024-08-15,80.28401524192296,AAPL
2024-08-16,81.06138774369224,AAPL
2024-08-19,83.65883536765983,AAPL
2024-08-20,82.42106779848416,AAPL
2024-08-21,84.92847441665046,AAPL
2024-08-22,86.03975747345501,AAPL
2024-08-23,89.11576325364382,AAPL
2024-08-26,89.9246035821234,AAPL
2024-08-27,89.7458083982409,AAPL
2024-08-28,89.64517850909326,AAPL
2024-08-29,91.483074986875,AAPL
2024-08-30,91.47727238963347,AAPL
2024-09-02,92.17596383702062,AAPL
2024-09-03,93.45953234734624,AAPL
2024-09-04,93.91686612009067,AAPL
2024-09-05,95.92518873441114,AAPL
2024-09-06,92.30180091315142,AAPL
2024-09-09,93.64484937863725,AAPL
2024-09-10,93.78846450119394,AAPL
2024-09-11,95.58921207802516,AAPL
2024-09-12,95.98422264270178,AAPL
2024-09-13,95.35596037994182,AAPL
2024-09-16,96.68041080438014,AAPL
2024-09-17,98.21667200412791,AAPL
2024-09-18,96.51730013020112,AAPL
2024-09-19,95.97564716944505,AAPL
2024-09-20,94.60861785053795,AAPL
2024-09-23,96.00894245220995,AAPL
2024-09-24,93.57071749176411,AAPL
2024-09-25,91.3779442101297,AAPL
2024-09-26,93.53392765550625,AAPL
2024-09-27,92.84218230820628,AAPL
2024-09-30,92.57537905375246,AAPL
2024-10-01,93.44429675360942,AAPL
2024-10-02,92.10879001281778,AAPL
2024-10-03,91.33412573988396,AAPL
2024-10-04,90.17821187894434,AAPL
2024-10-07,89.73426639561185,AAPL
2024-10-08,90.31346145935794,AAPL
2024-10-09,88.53342518553069,AAPL
2024-10-10,90.90474052656974,AAPL
2024-10-11,89.89559644886543,AAPL
2024-10-14,88.2061407872101,AAPL
2024-10-15,87.36490428004737,AAPL
2024-10-16,88.91145980847173,AAPL
2024-10-17,89.3545801905236,AAPL
2024-10-18,86.91291054696319,AAPL
2024-10-21,87.55074295282012,AAPL
2024-10-22,88.04292941709826,AAPL
2024-10-23,85.68788844045903,AAPL
2024-10-24,88.3216960842925,AAPL
2024-10-25,88.42495260301554,AAPL
2024-10-28,89.99478369400188,AAPL
2024-10-29,92.93839701162382,AAPL
2024-10-30,94.54328817959518,AAPL
2024-10-31,96.65865146660815,AAPL
2024-11-01,96.97647510125307,AAPL
2024-11-04,98.1255800691271,AAPL
2024-11-05,96.14873833641256,AAPL
2024-11-06,95.74689677050694,AAPL
2024-11-07,94.3749903138928,AAPL
2024-11-08,92.16079184303783,AAPL
2024-11-11,91.94890116839308,AAPL
2024-11-12,88.43961323252002,AAPL
2024-11-13,89.79847148431529,AAPL
2024-11-14,86.81330614672771,AAPL
2024-11-15,84.02355294712504,AAPL
2024-11-18,84.6528559035619,AAPL
2024-11-19,84.59573312931673,AAPL
2024-11-20,85.13139368732396,AAPL
2024-11-21,84.32544962573861,AAPL
2024-11-22,85.85532886549969,AAPL
2024-11-25,87.20516330465489,AAPL
2024-11-26,89.22118718491306,AAPL
2024-11-27,89.07345478897956,AAPL
2024-11-28,89.39828282209248,AAPL
2024-11-29,88.01453506191379,AAPL
2024-12-02,88.80646693170348,AAPL
2024-12-03,91.58300929244564,AAPL
2024-12-04,94.13686268704787,AAPL
2024-12-05,93.71147375775091,AAPL
2024-12-06,93.9640585393137,AAPL
2024-12-09,94.37828890326948,AAPL
2024-12-10,95.77121708560168,AAPL
2024-12-11,95.42187466790946,AAPL
2024-12-12,96.27078441123889,AAPL
2024-12-13,96.9697051767453,AAPL
2024-12-16,97.47488106292718,AAPL
2024-12-17,96.8635224361369,AAPL
2024-12-18,96.56485261525215,AAPL
2024-12-19,96.41214650056759,AAPL
2024-12-20,94.95617368728753,AAPL
2024-12-23,95.68426239759584,AAPL
2024-12-24,96.37130540260141,AAPL
2024-12-25,97.83765508892562,AAPL
2024-12-26,96.55165784854402,AAPL
2024-12-27,95.59496974264309,AAPL
2024-12-30,95.18099677555682,AAPL
2024-12-31,94.70794568348873,AAPL
2025-01-01,95.51735014411607,AAPL
2025-01-02,98.01089365526045,AAPL
2025-01-03,97.72317493853856,AAPL
2025-01-06,96.67637882340844,AAPL
2025-01-07,94.87647718082583,AAPL
2025-01-08,95.65047409736086,AAPL
2025-01-09,96.17423815874112,AAPL
2025-01-10,98.15157117951419,AAPL
2025-01-13,97.43021591839818,AAPL
2025-01-14,98.32772267657568,AAPL
2025-01-15,97.9802892778959,AAPL
2025-01-16,99.69790215434628,AAPL
2025-01-17,101.30916955212511,AAPL
2025-01-20,102.52622337800915,AAPL
2025-01-21,103.83390056658446,AAPL
2025-01-22,106.90194544234949,AAPL
2025-01-23,109.42930804822184,AAPL
2025-01-24,110.1686716931598,AAPL
2025-01-27,110.9282273397399,AAPL
2025-01-28,111.52447855279725,AAPL
2025-01-29,110.26915759640684,AAPL
2025-01-30,110.05987558265208,AAPL
2025-01-31,109.47313835152673,AAPL
2025-02-03,110.94448187458477,AAPL
2025-02-04,113.55172291935642,AAPL
2025-02-05,115.93932414744941,AAPL
2025-02-06,117.06524362584418,AAPL
2025-02-07,118.76236181276283,AAPL
2025-02-10,120.74610564623354,AAPL
2025-02-11,118.96942947006598,AAPL
2025-02-12,117.86107708787219,AAPL
2025-02-13,118.38452687364043,AAPL
2025-02-14,118.73149196712825,AAPL
2025-02-17,120.06129229054437,AAPL
2025-02-18,118.87018189941473,AAPL
2025-02-19,119.9917415320815,AAPL
2025-02-20,120.99099514309955,AAPL
2025-02-21,120.11327563866506,AAPL
2025-02-24,119.25121795326918,AAPL
2025-02-25,121.24342313070497,AAPL
2025-02-26,122.91317758398957,AAPL
2025-02-27,122.86138222004955,AAPL
2025-02-28,122.6352080272018,AAPL
2025-03-03,121.69265289353106,AAPL
2025-03-04,121.64562060005179,AAPL
2025-03-05,123.23097368712064,AAPL
2025-03-06,124.64826435013087,AAPL
2025-03-07,125.57048990547209,AAPL
2025-03-10,126.52300676851624,AAPL
2025-03-11,124.95625676706004,AAPL
2025-03-12,122.64081507045039,AAPL
2025-03-13,121.63317176348076,AAPL
2025-03-14,121.56271311441125,AAPL
2025-03-17,119.10656543426794,AAPL
2025-03-18,117.73045681559783,AAPL
2025-03-19,119.97663501856763,AAPL
2025-03-20,119.09963263308158,AAPL
2025-03-21,120.34924152969612,AAPL
2025-03-24,121.40020502209234,AAPL
2025-03-25,120.6608219801711,AAPL
2025-03-26,120.02612467011896,AAPL
2025-03-27,118.85441103651266,AAPL
2025-03-28,119.76152453744194,AAPL
2025-03-31,121.24557803097397,AAPL
2025-04-01,120.38634691592941,AAPL
2025-04-02,121.6982665510209,AAPL
2025-04-03,120.18560203830965,AAPL
2025-04-04,119.86568671424195,AAPL
2025-04-07,120.6393167401703,AAPL
2025-04-08,119.70358275088009,AAPL
2025-04-09,116.5152629668863,AAPL
2025-04-10,117.32641839995166,AAPL
2025-04-11,118.25362326483133,AAPL
2025-04-14,117.98712326852537,AAPL
2025-04-15,119.63135167531,AAPL
2025-04-16,119.756372946832,AAPL
2025-04-17,120.16397076237725,AAPL
2025-04-18,116.75590747878505,AAPL
2025-04-21,115.6003154973731,AAPL
2025-04-22,112.46523563128808,AAPL
2025-04-23,111.8267629518372,AAPL
2025-04-24,109.38092480897691,AAPL
2025-04-25,110.62907176254998,AAPL
2025-04-28,109.93782216526036,AAPL
2025-04-29,110.03174251469841,AAPL
2025-04-30,106.15833498142867,AAPL
2025-05-01,108.15369579444845,AAPL
2024-01-01,100.93478780024154,TSLA
2024-01-02,100.81375164643528,TSLA
2024-01-03,100.77317248963887,TSLA
2024-01-04,99.51583305439374,TSLA
2024-01-05,96.09589659478272,TSLA
2024-01-08,94.95776668225746,TSLA
2024-01-09,97.36932270915389,TSLA
2024-01-10,95.31753166248072,TSLA
2024-01-11,94.91897182592068,TSLA
2024-01-12,94.71317908135156,TSLA
2024-01-15,93.01700950093473,TSLA
2024-01-16,96.54550586035822,TSLA
2024-01-17,95.88581343057797,TSLA
2024-01-18,97.08248107489983,TSLA
2024-01-19,96.36603316938316,TSLA
2024-01-22,95.43157566763395,TSLA
2024-01-23,99.30270553187795,TSLA
2024-01-24,99.71827511245466,TSLA
2024-01-25,98.20471464857411,TSLA
2024-01-26,100.13788205118762,TSLA
2024-01-29,96.99571865720115,TSLA
2024-01-30,95.11096922213436,TSLA
2024-01-31,96.3075374193935,TSLA
2024-02-01,95.94152273122381,TSLA
2024-02-02,96.62847905001925,TSLA
2024-02-05,96.70887676239317,TSLA
2024-02-06,97.46293876825924,TSLA
2024-02-07,95.44232556309791,TSLA
2024-02-08,95.50940539941173,TSLA
2024-02-09,95.6936140727828,TSLA
2024-02-12,95.75157276488913,TSLA
2024-02-13,98.23220752267363,TSLA
2024-02-14,95.56970168238419,TSLA
2024-02-15,93.7416696487625,TSLA
2024-02-16,93.27142959314112,TSLA
2024-02-19,95.0280346953861,TSLA
2024-02-20,93.73616894427629,TSLA
2024-02-21,95.14495553630377,TSLA
2024-02-22,95.1114396930066,TSLA
2024-02-23,93.58378370127386,TSLA
2024-02-26,92.84924000950764,TSLA
2024-02-27,90.64895602543825,TSLA
2024-02-28,92.97542597135548,TSLA
2024-02-29,94.27630122517445,TSLA
2024-03-01,94.60331271659525,TSLA
2024-03-04,95.07328410929827,TSLA
2024-03-05,95.8786816422634,TSLA
2024-03-06,97.28621605910277,TSLA
2024-03-07,99.72712011922374,TSLA
2024-03-08,98.1737035006838,TSLA
2024-03-11,98.6397824926754,TSLA
2024-03-12,98.7251221081854,TSLA
2024-03-13,100.09685984320132,TSLA
2024-03-14,101.7722829825523,TSLA
2024-03-15,102.25789167612147,TSLA
2024-03-18,99.22884434531014,TSLA
2024-03-19,99.66815420439106,TSLA
2024-03-20,99.74426199267658,TSLA
2024-03-21,99.91808828262066,TSLA
2024-03-22,99.9238285334169,TSLA
2024-03-25,99.29969309179822,TSLA
2024-03-26,100.15761538938374,TSLA
2024-03-27,100.62591829440143,TSLA
2024-03-28,100.93262907374579,TSLA
2024-03-29,98.1921724717189,TSLA
2024-04-01,97.58580635679607,TSLA
2024-04-02,95.83861027418442,TSLA
2024-04-03,94.50276364300186,TSLA
2024-04-04,93.44263503130487,TSLA
2024-04-05,94.00643038597038,TSLA
2024-04-08,95.55175824503839,TSLA
2024-04-09,95.87278337413693,TSLA
2024-04-10,92.40823855340116,TSLA
2024-04-11,89.94258244082859,TSLA
2024-04-12,89.61409928454617,TSLA
2024-04-15,88.49931156158873,TSLA
2024-04-16,87.34145478797925,TSLA
2024-04-17,88.41846158058456,TSLA
2024-04-18,90.59589252971844,TSLA
2024-04-19,89.63721851696023,TSLA
2024-04-22,89.63872432615217,TSLA
2024-04-23,88.08228756796447,TSLA
2024-04-24,87.77439650674681,TSLA
2024-04-25,88.23758760455983,TSLA
2024-04-26,87.52443662145286,TSLA
2024-04-29,88.136639360424,TSLA
2024-04-30,87.43377582999238,TSLA
2024-05-01,87.03788533384066,TSLA
2024-05-02,88.24644282238712,TSLA
2024-05-03,88.51062759664694,TSLA
2024-05-06,86.21789148105793,TSLA
2024-05-07,85.97400513931477,TSLA
2024-05-08,86.19816581987924,TSLA
2024-05-09,85.12794429536358,TSLA
2024-05-10,86.06794408430838,TSLA
2024-05-13,86.60161541172509,TSLA
2024-05-14,87.53078845889115,TSLA
2024-05-15,84.38494032042986,TSLA
2024-05-16,85.44835539340977,TSLA
2024-05-17,86.96126324821212,TSLA
2024-05-20,87.47752955092425,TSLA
2024-05-21,88.35496250838175,TSLA
2024-05-22,86.9794630042217,TSLA
2024-05-23,88.49890295708323,TSLA
2024-05-24,86.4300243332664,TSLA
2024-05-27,86.72367353608871,TSLA
2024-05-28,86.2695175901928,TSLA
2024-05-29,85.24507229897092,TSLA
2024-05-30,87.81513354790812,TSLA
2024-05-31,89.0828709413747,TSLA
2024-06-03,87.48964393036431,TSLA
2024-06-04,86.9643313384372,TSLA
2024-06-05,85.95970049215882,TSLA
2024-06-06,88.43999685106624,TSLA
2024-06-07,86.6032007383948,TSLA
2024-06-10,88.528613005687,TSLA
2024-06-11,87.38405797649133,TSLA
2024-06-12,87.5602145813191,TSLA
2024-06-13,85.52418063393526,TSLA
2024-06-14,85.36254888181425,TSLA
2024-06-17,84.91575044629164,TSLA
2024-06-18,82.24574709097634,TSLA
2024-06-19,86.90382945518915,TSLA
2024-06-20,85.98138133159861,TSLA
2024-06-21,86.69180987789564,TSLA
2024-06-24,85.29420245312632,TSLA
2024-06-25,86.59085124693222,TSLA
2024-06-26,86.96245321036525,TSLA
2024-06-27,86.13965556837601,TSLA
2024-06-28,85.7181529969229,TSLA
2024-07-01,85.72743563420349,TSLA
2024-07-02,86.31577591433465,TSLA
2024-07-03,85.89939720249106,TSLA
2024-07-04,86.22498732610799,TSLA
2024-07-05,85.49122115616758,TSLA
2024-07-08,87.48056547019831,TSLA
2024-07-09,81.70585937887228,TSLA
2024-07-10,81.86926492073408,TSLA
2024-07-11,80.51545103283915,TSLA
2024-07-12,78.92936812719228,TSLA
2024-07-15,79.20075312546993,TSLA
2024-07-16,78.97562003603502,TSLA
2024-07-17,80.02259459041272,TSLA
2024-07-18,80.17053135555554,TSLA
2024-07-19,80.54952288053738,TSLA
2024-07-22,80.10913737957543,TSLA
2024-07-23,81.7033609314636,TSLA
2024-07-24,82.9921094068022,TSLA
2024-07-25,84.29285314174123,TSLA
2024-07-26,85.35693657025828,TSLA
2024-07-29,86.34656335701148,TSLA
2024-07-30,85.38775389973192,TSLA
2024-07-31,85.89693103720916,TSLA
2024-08-01,86.55638498995604,TSLA
2024-08-02,88.25514313907104,TSLA
2024-08-05,89.32092940125789,TSLA
2024-08-06,89.83142524083375,TSLA
2024-08-07,90.80776327759384,TSLA
2024-08-08,88.69063871964698,TSLA
2024-08-09,92.97465433442345,TSLA
2024-08-12,95.00487599682185,TSLA
2024-08-13,92.88190678497112,TSLA
2024-08-14,93.71391278007503,TSLA
2024-08-15,94.47664268479068,TSLA
2024-08-16,93.80058822516342,TSLA
2024-08-19,93.28855102615621,TSLA
2024-08-20,94.59068377838248,TSLA
2024-08-21,94.03028113922531,TSLA
2024-08-22,92.18172846246019,TSLA
2024-08-23,94.1289280603003,TSLA
2024-08-26,94.28902154565009,TSLA
2024-08-27,94.76431637834693,TSLA
2024-08-28,95.0556373273835,TSLA
2024-08-29,96.96893013565168,TSLA
2024-08-30,97.85723266437999,TSLA
2024-09-02,100.02571782771295,TSLA
2024-09-03,102.68574671314542,TSLA
2024-09-04,102.57576363161117,TSLA
2024-09-05,101.30953436256681,TSLA
2024-09-06,99.61504902646833,TSLA
2024-09-09,99.3011299711704,TSLA
2024-09-10,99.44053897838621,TSLA
2024-09-11,100.81929380651414,TSLA
2024-09-12,100.02731540144497,TSLA
2024-09-13,102.07030967378151,TSLA
2024-09-16,103.65648635030439,TSLA
2024-09-17,105.53820500384954,TSLA
2024-09-18,104.31661096872959,TSLA
2024-09-19,103.73074428870937,TSLA
2024-09-20,104.5596450271239,TSLA
2024-09-23,105.27331836033947,TSLA
2024-09-24,106.98818835602343,TSLA
2024-09-25,107.00083610563796,TSLA
2024-09-26,108.75607023183538,TSLA
2024-09-27,110.2886522867002,TSLA
2024-09-30,109.64558392767445,TSLA
2024-10-01,109.98114702078924,TSLA
2024-10-02,109.21313139677817,TSLA
2024-10-03,110.7238760573487,TSLA
2024-10-04,109.49674870492242,TSLA
2024-10-07,107.90305129618339,TSLA
2024-10-08,109.05260426836449,TSLA
2024-10-09,109.4095500763964,TSLA
2024-10-10,108.82197675042006,TSLA
2024-10-11,107.49511325401355,TSLA
2024-10-14,106.75745806706345,TSLA
2024-10-15,106.19020440915205,TSLA
2024-10-16,105.47530056923131,TSLA
2024-10-17,105.94601002741166,TSLA
2024-10-18,105.28733365327732,TSLA
2024-10-21,104.87897301221503,TSLA
2024-10-22,104.40934705475146,TSLA
2024-10-23,106.21897611617749,TSLA
2024-10-24,107.14615489233401,TSLA
2024-10-25,109.38028347684048,TSLA
2024-10-28,110.02040785338303,TSLA
2024-10-29,112.2078374910216,TSLA
2024-10-30,111.50326088071219,TSLA
2024-10-31,113.80478714622069,TSLA
2024-11-01,114.22116394723851,TSLA
2024-11-04,112.01835878304436,TSLA
2024-11-05,110.40250770296042,TSLA
2024-11-06,110.0023503987129,TSLA
2024-11-07,109.90538071335111,TSLA
2024-11-08,112.07500752373247,TSLA
2024-11-11,112.98820559038666,TSLA
2024-11-12,113.49433978635565,TSLA
2024-11-13,112.98311252253873,TSLA
2024-11-14,113.1578364473236,TSLA
2024-11-15,114.48237499114116,TSLA
2024-11-18,114.99266502913908,TSLA
2024-11-19,112.93647030378165,TSLA
2024-11-20,112.56521297811547,TSLA
2024-11-21,112.36023887527067,TSLA
2024-11-22,112.3373078049448,TSLA
2024-11-25,112.19896076015448,TSLA
2024-11-26,111.22598315350714,TSLA
2024-11-27,110.44581530408084,TSLA
2024-11-28,110.42381485545903,TSLA
2024-11-29,108.06003637395312,TSLA
2024-12-02,108.48364742149062,TSLA
2024-12-03,111.31930846499077,TSLA
2024-12-04,111.83718407510622,TSLA
2024-12-05,111.94811846698018,TSLA
2024-12-06,110.41507850054877,TSLA
2024-12-09,112.78042100344166,TSLA
2024-12-10,113.07646015329061,TSLA
2024-12-11,110.28187787178942,TSLA
2024-12-12,110.33264485522409,TSLA
2024-12-13,110.92120866341554,TSLA
2024-12-16,111.39104835981549,TSLA
2024-12-17,110.14805292195871,TSLA
2024-12-18,111.07350177888144,TSLA
2024-12-19,111.81285315071275,TSLA
2024-12-20,109.74819679796293,TSLA
2024-12-23,109.53065220295325,TSLA
2024-12-24,108.22413164518028,TSLA
2024-12-25,106.8779066588143,TSLA
2024-12-26,105.42666131591898,TSLA
2024-12-27,107.07784719726003,TSLA
2024-12-30,108.60525074829987,TSLA
2024-12-31,106.36696204884028,TSLA
2025-01-01,107.09607570873716,TSLA
2025-01-02,105.1986818361884,TSLA
2025-01-03,105.58311871368932,TSLA
2025-01-06,104.37745492858852,TSLA
2025-01-07,102.55143680190638,TSLA
2025-01-08,102.56235054560567,TSLA
2025-01-09,101.44888045265006,TSLA
2025-01-10,103.46733258563908,TSLA
2025-01-13,103.87608036856363,TSLA
2025-01-14,104.26387449548459,TSLA
2025-01-15,102.36495560281531,TSLA
2025-01-16,104.7922798665569,TSLA
2025-01-17,105.83750136592151,TSLA
2025-01-20,106.62035128750757,TSLA
2025-01-21,103.97517907629647,TSLA
2025-01-22,102.54702055073392,TSLA
2025-01-23,103.64313394679871,TSLA
2025-01-24,104.41425226904258,TSLA
2025-01-27,105.23812816365088,TSLA
2025-01-28,106.36908977380966,TSLA
2025-01-29,106.3482472762064,TSLA
2025-01-30,104.02568154525143,TSLA
2025-01-31,105.03631760509194,TSLA
2025-02-03,107.27595278716144,TSLA
2025-02-04,105.30319752956926,TSLA
2025-02-05,103.72766758170458,TSLA
2025-02-06,105.34126143807025,TSLA
2025-02-07,105.41245442496616,TSLA
2025-02-10,104.25674014319064,TSLA
2025-02-11,104.5786253927772,TSLA
2025-02-12,103.56701288467123,TSLA
2025-02-13,102.7146830502171,TSLA
2025-02-14,102.58365907999419,TSLA
2025-02-17,105.1824258807424,TSLA
2025-02-18,107.44391403628025,TSLA
2025-02-19,108.93564385498665,TSLA
2025-02-20,109.05112398760969,TSLA
2025-02-21,107.69797480929272,TSLA
2025-02-24,109.42953323806127,TSLA
2025-02-25,113.07599666015753,TSLA
2025-02-26,114.19459975616945,TSLA
2025-02-27,114.86414528281631,TSLA
2025-02-28,114.04933246298171,TSLA
2025-03-03,115.8841275343203,TSLA
2025-03-04,116.42293983547873,TSLA
2025-03-05,117.60550041717079,TSLA
2025-03-06,119.38981739588729,TSLA
2025-03-07,120.1762041847793,TSLA
2025-03-10,118.61710689807437,TSLA
2025-03-11,116.22295796646947,TSLA
2025-03-12,116.22720333632098,TSLA
2025-03-13,116.54966101156252,TSLA
2025-03-14,114.08594111233707,TSLA
2025-03-17,113.45045097490203,TSLA
2025-03-18,114.01633408613006,TSLA
2025-03-19,112.72089040612957,TSLA
2025-03-20,111.80117319569537,TSLA
2025-03-21,114.44458925301058,TSLA
2025-03-24,111.17706938464218,TSLA
2025-03-25,110.9769749011161,TSLA
2025-03-26,111.97800115660532,TSLA
2025-03-27,111.67280727416079,TSLA
2025-03-28,112.1209591640499,TSLA
2025-03-31,113.31568068436124,TSLA
2025-04-01,113.7932130529991,TSLA
2025-04-02,115.64778205024264,TSLA
2025-04-03,114.86272962378989,TSLA
2025-04-04,112.57618277697117,TSLA
2025-04-07,113.88765829088345,TSLA
2025-04-08,114.73548379613422,TSLA
2025-04-09,115.17954151988351,TSLA
2025-04-10,111.64529057824689,TSLA
2025-04-11,113.01776503933044,TSLA
2025-04-14,109.88779273888669,TSLA
2025-04-15,108.85659389769381,TSLA
2025-04-16,109.6183811995177,TSLA
2025-04-17,109.33131648113213,TSLA
2025-04-18,111.01691815094598,TSLA
2025-04-21,110.94889663951187,TSLA
2025-04-22,109.93671210874382,TSLA
2025-04-23,111.78246759381823,TSLA
2025-04-24,112.17430160458004,TSLA
2025-04-25,111.16156180308953,TSLA
2025-04-28,110.20477323663788,TSLA
2025-04-29,109.10940444841971,TSLA
2025-04-30,106.71126306478226,TSLA
2025-05-01,107.26957507925773,TSLA
2024-01-01,101.19587855971317,NVDA
2024-01-02,101.49876252558401,NVDA
2024-01-03,103.32274857560421,NVDA
2024-01-04,100.79630256563416,NVDA
2024-01-05,101.57623992651249,NVDA
2024-01-08,103.16251876185089,NVDA
2024-01-09,102.51335535802777,NVDA
2024-01-10,102.47098289594912,NVDA
2024-01-11,104.01306877445111,NVDA
2024-01-12,104.26981612699957,NVDA
2024-01-15,104.78587489718983,NVDA
2024-01-16,104.63718209612378,NVDA
2024-01-17,103.155385165421,NVDA
2024-01-18,104.064898368118,NVDA
2024-01-19,101.88237180895543,NVDA
2024-01-22,103.2313145677496,NVDA
2024-01-23,103.0962241588005,NVDA
2024-01-24,107.49266317814316,NVDA
2024-01-25,107.13925229690251,NVDA
2024-01-26,108.92221782549387,NVDA
2024-01-29,108.67423410825809,NVDA
2024-01-30,108.12903316427533,NVDA
2024-01-31,107.7161437492993,NVDA
2024-02-01,105.42410266735766,NVDA
2024-02-02,103.91176583914654,NVDA
2024-02-05,104.42786728685452,NVDA
2024-02-06,104.99030142094077,NVDA
2024-02-07,105.89930793353696,NVDA
2024-02-08,105.63230056307114,NVDA
2024-02-09,106.14436049165928,NVDA
2024-02-12,105.95892330331037,NVDA
2024-02-13,108.24150532369467,NVDA
2024-02-14,107.77176919774676,NVDA
2024-02-15,110.68445008559318,NVDA
2024-02-16,109.60031636066729,NVDA
2024-02-19,110.0559070307274,NVDA
2024-02-20,109.4896194146821,NVDA
2024-02-21,110.16042069011031,NVDA
2024-02-22,108.73191883039051,NVDA
2024-02-23,107.49841166283865,NVDA
2024-02-26,108.5205775339424,NVDA
2024-02-27,109.91325375548881,NVDA
2024-02-28,108.71151733305985,NVDA
2024-02-29,108.32759172922688,NVDA
2024-03-01,109.35644002698034,NVDA
2024-03-04,109.2248719815974,NVDA
2024-03-05,109.37423480279823,NVDA
2024-03-06,110.12056128718184,NVDA
2024-03-07,111.78803786095216,NVDA
2024-03-08,113.34830631385688,NVDA
2024-03-11,113.52932646093119,NVDA
2024-03-12,113.57960524596558,NVDA
2024-03-13,116.28968347387307,NVDA
2024-03-14,115.02559255685884,NVDA
2024-03-15,119.9684711127153,NVDA
2024-03-18,119.61307257602535,NVDA
2024-03-19,117.94467152482528,NVDA
2024-03-20,117.62108398561745,NVDA
2024-03-21,118.00224725721925,NVDA
2024-03-22,117.30427661842957,NVDA
2024-03-25,116.56543939796595,NVDA
2024-03-26,114.87209224930301,NVDA
2024-03-27,115.57608838395724,NVDA
2024-03-28,115.15816282733375,NVDA
2024-03-29,118.3156853257803,NVDA
2024-04-01,119.12057543033724,NVDA
2024-04-02,118.39872413359431,NVDA
2024-04-03,118.64720226232137,NVDA
2024-04-04,117.84705903151904,NVDA
2024-04-05,117.26026137730419,NVDA
2024-04-08,118.63925698123403,NVDA
2024-04-09,119.3943917602336,NVDA
2024-04-10,117.11033306402334,NVDA
2024-04-11,117.38300797606777,NVDA
2024-04-12,119.6834907628138,NVDA
2024-04-15,120.06481430426203,NVDA
2024-04-16,121.47798119545149,NVDA
2024-04-17,121.98793416220839,NVDA
2024-04-18,121.90309388162265,NVDA
2024-04-19,115.95761553432976,NVDA
2024-04-22,116.50116600134105,NVDA
2024-04-23,119.73239031390248,NVDA
2024-04-24,118.19662752202453,NVDA
2024-04-25,121.91862460316835,NVDA
2024-04-26,120.4165101714014,NVDA
2024-04-29,119.84994043326063,NVDA
2024-04-30,117.3222016195106,NVDA
2024-05-01,115.38128763509548,NVDA
2024-05-02,115.33098226910188,NVDA
2024-05-03,114.56575803728418,NVDA
2024-05-06,113.31400389826999,NVDA
2024-05-07,113.46760390424063,NVDA
2024-05-08,115.10552981637272,NVDA
2024-05-09,113.53934526427769,NVDA
2024-05-10,112.26929944085282,NVDA
2024-05-13,112.09834763995312,NVDA
2024-05-14,113.67874828439338,NVDA
2024-05-15,113.4422129780878,NVDA
2024-05-16,114.76719822118389,NVDA
2024-05-17,117.29562977301248,NVDA
2024-05-20,117.17118487504256,NVDA
2024-05-21,114.63395084062152,NVDA
2024-05-22,112.85608065735248,NVDA
2024-05-23,112.04153616523301,NVDA
2024-05-24,112.3463331262549,NVDA
2024-05-27,113.1443009097292,NVDA
2024-05-28,114.78272036352331,NVDA
2024-05-29,115.91680598695781,NVDA
2024-05-30,116.29524074415977,NVDA
2024-05-31,118.1026900147397,NVDA
2024-06-03,118.14792444417668,NVDA
2024-06-04,117.35252240200816,NVDA
2024-06-05,119.37403104215889,NVDA
2024-06-06,117.92305469273568,NVDA
2024-06-07,118.56469361031348,NVDA
2024-06-10,119.28024759297426,NVDA
2024-06-11,116.48797066185216,NVDA
2024-06-12,117.84551289430624,NVDA
2024-06-13,118.26697981961661,NVDA
2024-06-14,118.63970578677049,NVDA
2024-06-17,118.78328106643025,NVDA
2024-06-18,118.37919873993333,NVDA
2024-06-19,117.02028355724332,NVDA
2024-06-20,115.43286744880282,NVDA
2024-06-21,115.94954502169739,NVDA
2024-06-24,117.31223630464105,NVDA
2024-06-25,118.43727227574988,NVDA
2024-06-26,117.61698715814197,NVDA
2024-06-27,116.49335379441132,NVDA
2024-06-28,119.90842070692514,NVDA
2024-07-01,119.07717309128908,NVDA
2024-07-02,116.35967911631604,NVDA
2024-07-03,114.23684864441331,NVDA
2024-07-04,114.116945190813,NVDA
2024-07-05,111.62253395030845,NVDA
2024-07-08,110.29024143709799,NVDA
2024-07-09,110.68753044190746,NVDA
2024-07-10,110.09769436099695,NVDA
2024-07-11,108.60320758462612,NVDA
2024-07-12,107.43389165563747,NVDA
2024-07-15,108.96279481765622,NVDA
2024-07-16,108.1572583916475,NVDA
2024-07-17,109.56790076438111,NVDA
2024-07-18,104.99317274689035,NVDA
2024-07-19,103.78219853578591,NVDA
2024-07-22,103.27601322301962,NVDA
2024-07-23,103.33781712008131,NVDA
2024-07-24,100.69598679625682,NVDA
2024-07-25,101.77620601077102,NVDA
2024-07-26,103.50437839188297,NVDA
2024-07-29,102.19579419270391,NVDA
2024-07-30,101.91796598126227,NVDA
2024-07-31,102.56067464025185,NVDA
2024-08-01,102.89136090750698,NVDA
2024-08-02,102.72679084235861,NVDA
2024-08-05,103.56983247416143,NVDA
2024-08-06,102.15557896719902,NVDA
2024-08-07,102.44276968355288,NVDA
2024-08-08,103.03967041428774,NVDA
2024-08-09,104.53728998581477,NVDA
2024-08-12,105.73064704962779,NVDA
2024-08-13,106.19502035273548,NVDA
2024-08-14,105.66780514947465,NVDA
2024-08-15,104.68176765798144,NVDA
2024-08-16,104.04584527494792,NVDA
2024-08-19,103.79920908458192,NVDA
2024-08-20,104.91975174065855,NVDA
2024-08-21,104.74704718820618,NVDA
2024-08-22,104.7887438709117,NVDA
2024-08-23,104.0416709916117,NVDA
2024-08-26,102.23174013838081,NVDA
2024-08-27,102.4569185551164,NVDA
2024-08-28,102.52745603932081,NVDA
2024-08-29,102.50756508709969,NVDA
2024-08-30,103.2615184270504,NVDA
2024-09-02,103.107037925985,NVDA
2024-09-03,104.52239278638417,NVDA
2024-09-04,104.09925409807344,NVDA
2024-09-05,105.71948500223468,NVDA
2024-09-06,103.3519639136513,NVDA
2024-09-09,105.19581066534576,NVDA
2024-09-10,106.49107577367135,NVDA
2024-09-11,107.28507149274193,NVDA
2024-09-12,106.94471292155008,NVDA
2024-09-13,105.95686347277595,NVDA
2024-09-16,104.4625557357378,NVDA
2024-09-17,102.39199691361975,NVDA
2024-09-18,103.03524656644295,NVDA
2024-09-19,102.09365953550298,NVDA
2024-09-20,103.36739654695523,NVDA
2024-09-23,102.80950890382678,NVDA
2024-09-24,101.8163447097229,NVDA
2024-09-25,100.72975732638261,NVDA
2024-09-26,100.17735866307427,NVDA
2024-09-27,99.57366376386766,NVDA
2024-09-30,99.0544039582595,NVDA
2024-10-01,100.01140978252353,NVDA
2024-10-02,100.4330227151356,NVDA
2024-10-03,103.05021138923004,NVDA
2024-10-04,105.19705054528984,NVDA
2024-10-07,105.42784592448427,NVDA
2024-10-08,106.34890652097336,NVDA
2024-10-09,107.17911712754565,NVDA
2024-10-10,105.55219413697688,NVDA
2024-10-11,106.31557080751524,NVDA
2024-10-14,105.19166132102607,NVDA
2024-10-15,103.12419410288236,NVDA
2024-10-16,102.30392146125342,NVDA
2024-10-17,102.5118091058505,NVDA
2024-10-18,101.95141484335527,NVDA
2024-10-21,100.33054116254759,NVDA
2024-10-22,99.4115600695978,NVDA
2024-10-23,98.19963262563792,NVDA
2024-10-24,101.02736354220278,NVDA
2024-10-25,103.22732929796652,NVDA
2024-10-28,103.25119948363415,NVDA
2024-10-29,103.81692265072027,NVDA
2024-10-30,104.53001947670005,NVDA
2024-10-31,105.84390194387119,NVDA
2024-11-01,104.09163658465965,NVDA
2024-11-04,104.06065729565019,NVDA
2024-11-05,102.90684928110406,NVDA
2024-11-06,101.09856325162185,NVDA
2024-11-07,100.90859444576249,NVDA
2024-11-08,101.10276465317492,NVDA
2024-11-11,101.17874443294343,NVDA
2024-11-12,99.20841844268281,NVDA
2024-11-13,98.40556115590506,NVDA
2024-11-14,97.44531716649793,NVDA
2024-11-15,98.56192467744538,NVDA
2024-11-18,98.32985173508067,NVDA
2024-11-19,99.5732229882749,NVDA
2024-11-20,99.47552340433255,NVDA
2024-11-21,97.96572057160712,NVDA
2024-11-22,97.40418454100733,NVDA
2024-11-25,97.38717935090266,NVDA
2024-11-26,97.56964009244608,NVDA
2024-11-27,99.02093259221384,NVDA
2024-11-28,99.94734808105302,NVDA
2024-11-29,99.6205614486808,NVDA
2024-12-02,99.84325847916857,NVDA
2024-12-03,99.68203493527393,NVDA
2024-12-04,101.30564752442363,NVDA
2024-12-05,99.2630825897152,NVDA
2024-12-06,98.7550998162698,NVDA
2024-12-09,97.43258388544804,NVDA
2024-12-10,97.40124978894985,NVDA
2024-12-11,97.78863730054913,NVDA
2024-12-12,98.49775596538844,NVDA
2024-12-13,98.75585020621618,NVDA
2024-12-16,98.96700658048609,NVDA
2024-12-17,97.19177675707783,NVDA
2024-12-18,96.23156841893086,NVDA
2024-12-19,96.5656079057825,NVDA
2024-12-20,98.56324024399035,NVDA
2024-12-23,100.0036195562567,NVDA
2024-12-24,101.1115448645575,NVDA
2024-12-25,101.65113365863851,NVDA
2024-12-26,101.18085127276817,NVDA
2024-12-27,100.04372755218711,NVDA
2024-12-30,98.11936964785839,NVDA
2024-12-31,97.76064827215363,NVDA
2025-01-01,96.721265559203,NVDA
2025-01-02,97.24224804542766,NVDA
2025-01-03,97.32400180841636,NVDA
2025-01-06,96.59297225981555,NVDA
2025-01-07,95.4595155931908,NVDA
2025-01-08,93.86623241387221,NVDA
2025-01-09,96.84916073131461,NVDA
2025-01-10,95.90063059099423,NVDA
2025-01-13,94.74537127659332,NVDA
2025-01-14,96.62552778360462,NVDA
2025-01-15,93.81616880656576,NVDA
2025-01-16,92.45853944150949,NVDA
2025-01-17,93.79307233905894,NVDA
2025-01-20,93.70606710080514,NVDA
2025-01-21,96.40227792707074,NVDA
2025-01-22,96.54283324601579,NVDA
2025-01-23,96.95738538539666,NVDA
2025-01-24,95.77299754673258,NVDA
2025-01-27,96.86287834579097,NVDA
2025-01-28,96.59337046278594,NVDA
2025-01-29,99.07596401720221,NVDA
2025-01-30,97.44410116778116,NVDA
2025-01-31,98.90148739377412,NVDA
2025-02-03,100.82494165322187,NVDA
2025-02-04,99.86861860375511,NVDA
2025-02-05,98.96142060019105,NVDA
2025-02-06,98.92781389188737,NVDA
2025-02-07,99.7625194388448,NVDA
2025-02-10,100.98907512417547,NVDA
2025-02-11,103.22151180493232,NVDA
2025-02-12,104.49731124110498,NVDA
2025-02-13,104.11190384561714,NVDA
2025-02-14,102.69521772014568,NVDA
2025-02-17,101.84863902536415,NVDA
2025-02-18,102.37529069598907,NVDA
2025-02-19,98.44836705606278,NVDA
2025-02-20,95.09249864600862,NVDA
2025-02-21,95.5663068288387,NVDA
2025-02-24,95.82455916192903,NVDA
2025-02-25,95.12083595847979,NVDA
2025-02-26,94.02360525753349,NVDA
2025-02-27,94.68054732535725,NVDA
2025-02-28,96.1473661021248,NVDA
2025-03-03,94.70367101921835,NVDA
2025-03-04,93.34928355106969,NVDA
2025-03-05,95.2769502514906,NVDA
2025-03-06,98.50360439630899,NVDA
2025-03-07,96.58115990001671,NVDA
2025-03-10,98.2020286994389,NVDA
2025-03-11,97.66418929263504,NVDA
2025-03-12,98.60507330960587,NVDA
2025-03-13,99.85601748171698,NVDA
2025-03-14,100.2875072567927,NVDA
2025-03-17,100.04692125731704,NVDA
2025-03-18,99.69693232004663,NVDA
2025-03-19,100.306489615311,NVDA
2025-03-20,99.19979131025214,NVDA
2025-03-21,99.61866112170736,NVDA
2025-03-24,101.05286707920465,NVDA
2025-03-25,100.50123578838232,NVDA
2025-03-26,100.46584830903483,NVDA
2025-03-27,100.29527775668902,NVDA
2025-03-28,101.57830830843021,NVDA
2025-03-31,98.55459744557817,NVDA
2025-04-01,99.570635935865,NVDA
2025-04-02,100.1301536277789,NVDA
2025-04-03,99.99688172379986,NVDA
2025-04-04,102.53752465292334,NVDA
2025-04-07,102.21553957846427,NVDA
2025-04-08,98.95260214621501,NVDA
2025-04-09,98.9987837193819,NVDA
2025-04-10,101.76035063870563,NVDA
2025-04-11,98.5025479604125,NVDA
2025-04-14,99.21079065967633,NVDA
2025-04-15,99.23977235196708,NVDA
2025-04-16,99.55439754971489,NVDA
2025-04-17,99.85285630779447,NVDA
2025-04-18,101.48319163394154,NVDA
2025-04-21,102.36105089780999,NVDA
2025-04-22,101.250737859135,NVDA
2025-04-23,102.34897200035705,NVDA
2025-04-24,100.84494171029755,NVDA
2025-04-25,102.22551528199917,NVDA
2025-04-28,100.08942352951286,NVDA
2025-04-29,101.07970579542338,NVDA
2025-04-30,98.69784123954972,NVDA
2025-05-01,98.6391088613225,NVDA
